Local;strain;Date;Wait time (h);Incubation Position;Light intensity;Control growth rate (day-1);S.D.;RO5 Spation control growth rate (day-1);Start Density (RFU);Concentration;Well position;Growth_rate;Inhibition RAW;Inhibition;Replicate;Running ID
VG1-2;VG1-2_44;10/15/18;4;A1;170;1.583553533;0.029048835;1.309597146;0.0047;17.5;A01;NA;NA;1;1;VG_1
VG1-2;VG1-2_44;10/15/18;4;A1;170;1.583553533;0.029048835;1.309597146;0.0047;16.2;A02;NA;NA;1;2;VG_1
VG1-2;VG1-2_44;10/15/18;4;A1;170;1.583553533;0.029048835;1.309597146;0.0047;15;A03;-0.97;1.6144;1;3;VG_1
VG1-2;VG1-2_44;10/15/18;4;A1;170;1.583553533;0.029048835;1.309597146;0.0047;13.89;A05;NA;NA;1;4;VG_1
VG1-2;VG1-2_44;10/15/18;4;A1;170;1.583553533;0.029048835;1.309597146;0.0047;12.86;A06;-0.34;1.2176;1;5;VG_1
VG1-2;VG1-2_44;10/15/18;4;A1;170;1.583553533;0.029048835;1.309597146;0.0047;11.91;B02;0.17;0.8957;0.8957;6;VG_1
VG1-2;VG1-2_44;10/15/18;4;A1;170;1.583553533;0.029048835;1.309597146;0.0047;11.02;B03;0.7;0.5585;0.5585;7;VG_1
VG1-2;VG1-2_44;10/15/18;4;A1;170;1.583553533;0.029048835;1.309597146;0.0047;10.21;B04;0.7;0.5555;0.5555;8;VG_1
VG1-2;VG1-2_44;10/15/18;4;A1;170;1.583553533;0.029048835;1.309597146;0.0047;9.45;B05;1.03;0.3501;0.3501;9;VG_1
VG1-2;VG1-2_44;10/15/18;4;A1;170;1.583553533;0.029048835;1.309597146;0.0047;8.75;C01;1.22;0.2317;0.2317;10;VG_1
VG1-2;VG1-2_44;10/15/18;4;A1;170;1.583553533;0.029048835;1.309597146;0.0047;8.1;C02;1.34;0.1533;0.1533;11;VG_1
VG1-2;VG1-2_44;10/15/18;4;A1;170;1.583553533;0.029048835;1.309597146;0.0047;7.5;C05;1.28;0.192;0.192;12;VG_1
VG1-2;VG1-2_44;10/15/18;4;A1;170;1.583553533;0.029048835;1.309597146;0.0047;15;C06;NA;NA;1;3;VG_1
VG1-2;VG1-2_44;10/15/18;4;A1;170;1.583553533;0.029048835;1.309597146;0.0047;12.86;D01;NA;NA;1;5;VG_1
VG1-2;VG1-2_44;10/15/18;4;A1;170;1.583553533;0.029048835;1.309597146;0.0047;11.02;D02;0.53;0.6644;0.6644;7;VG_1
VG1-2;VG1-2_44;10/15/18;4;A1;170;1.583553533;0.029048835;1.309597146;0.0047;15;D03;NA;NA;1;3;VG_1
VG1-2;VG1-2_44;10/15/18;4;A1;170;1.583553533;0.029048835;1.309597146;0.0047;12.86;D04;NA;NA;1;5;VG_1
VG1-2;VG1-2_44;10/15/18;4;A1;170;1.583553533;0.029048835;1.309597146;0.0047;11.02;D05;1.05;0.338;0.338;7;VG_1
VG1-2;VG1-2_44;10/15/18;4;A1;170;1.583553533;0.029048835;1.309597146;0.0047;0;A04;1.56;0.0125;0.0125;Control 1;VG_1
VG1-2;VG1-2_44;10/15/18;4;A1;170;1.583553533;0.029048835;1.309597146;0.0047;0;B01;1.58;0.0009;0.0009;Control 2;VG_1
VG1-2;VG1-2_44;10/15/18;4;A1;170;1.583553533;0.029048835;1.309597146;0.0047;0;B06;1.6;-0.0105;-0.0105;Control 3;VG_1
VG1-2;VG1-2_44;10/15/18;4;A1;170;1.583553533;0.029048835;1.309597146;0.0047;0;C03;1.62;-0.0246;-0.0246;Control 4;VG_1
VG1-2;VG1-2_44;10/15/18;4;A1;170;1.583553533;0.029048835;1.309597146;0.0047;0;D06;1.55;0.0218;0.0218;Control 5;VG_1
VG1-2;VG1-2_45;10/15/18;4.04;B1;172;1.317011976;0.096258474;1.407991056;0.0035;17.5;A01;-0.48;1.3642;1;1;VG_2
VG1-2;VG1-2_45;10/15/18;4.04;B1;172;1.317011976;0.096258474;1.407991056;0.0035;16.2;A02;-0.62;1.4745;1;2;VG_2
VG1-2;VG1-2_45;10/15/18;4.04;B1;172;1.317011976;0.096258474;1.407991056;0.0035;15;A03;-1.61;2.2254;1;3;VG_2
VG1-2;VG1-2_45;10/15/18;4.04;B1;172;1.317011976;0.096258474;1.407991056;0.0035;13.89;A05;-0.05;1.0382;1;4;VG_2
VG1-2;VG1-2_45;10/15/18;4.04;B1;172;1.317011976;0.096258474;1.407991056;0.0035;12.86;A06;0.52;0.6088;0.6088;5;VG_2
VG1-2;VG1-2_45;10/15/18;4.04;B1;172;1.317011976;0.096258474;1.407991056;0.0035;11.91;B02;0.61;0.5368;0.5368;6;VG_2
VG1-2;VG1-2_45;10/15/18;4.04;B1;172;1.317011976;0.096258474;1.407991056;0.0035;11.02;B03;1.02;0.2259;0.2259;7;VG_2
VG1-2;VG1-2_45;10/15/18;4.04;B1;172;1.317011976;0.096258474;1.407991056;0.0035;10.21;B04;0.97;0.2619;0.2619;8;VG_2
VG1-2;VG1-2_45;10/15/18;4.04;B1;172;1.317011976;0.096258474;1.407991056;0.0035;9.45;B05;1.27;0.0345;0.0345;9;VG_2
VG1-2;VG1-2_45;10/15/18;4.04;B1;172;1.317011976;0.096258474;1.407991056;0.0035;8.75;C01;1.21;0.0802;0.0802;10;VG_2
VG1-2;VG1-2_45;10/15/18;4.04;B1;172;1.317011976;0.096258474;1.407991056;0.0035;8.1;C02;1.13;0.1397;0.1397;11;VG_2
VG1-2;VG1-2_45;10/15/18;4.04;B1;172;1.317011976;0.096258474;1.407991056;0.0035;7.5;C05;1.31;0.0021;0.0021;12;VG_2
VG1-2;VG1-2_45;10/15/18;4.04;B1;172;1.317011976;0.096258474;1.407991056;0.0035;15;C06;-0.45;1.3401;1;3;VG_2
VG1-2;VG1-2_45;10/15/18;4.04;B1;172;1.317011976;0.096258474;1.407991056;0.0035;12.86;D01;0.17;0.8703;0.8703;5;VG_2
VG1-2;VG1-2_45;10/15/18;4.04;B1;172;1.317011976;0.096258474;1.407991056;0.0035;11.02;D02;0.7;0.4679;0.4679;7;VG_2
VG1-2;VG1-2_45;10/15/18;4.04;B1;172;1.317011976;0.096258474;1.407991056;0.0035;15;D03;-0.58;1.4403;1;3;VG_2
VG1-2;VG1-2_45;10/15/18;4.04;B1;172;1.317011976;0.096258474;1.407991056;0.0035;12.86;D04;0.23;0.8274;0.8274;5;VG_2
VG1-2;VG1-2_45;10/15/18;4.04;B1;172;1.317011976;0.096258474;1.407991056;0.0035;11.02;D05;1.05;0.2053;0.2053;7;VG_2
VG1-2;VG1-2_45;10/15/18;4.04;B1;172;1.317011976;0.096258474;1.407991056;0.0035;0;A04;1.3;0.0121;0.0121;Control 1;VG_2
VG1-2;VG1-2_45;10/15/18;4.04;B1;172;1.317011976;0.096258474;1.407991056;0.0035;0;B01;1.35;-0.0264;-0.0264;Control 2;VG_2
VG1-2;VG1-2_45;10/15/18;4.04;B1;172;1.317011976;0.096258474;1.407991056;0.0035;0;B06;1.46;-0.11;-0.11;Control 3;VG_2
VG1-2;VG1-2_45;10/15/18;4.04;B1;172;1.317011976;0.096258474;1.407991056;0.0035;0;C03;1.26;0.0433;0.0433;Control 4;VG_2
VG1-2;VG1-2_45;10/15/18;4.04;B1;172;1.317011976;0.096258474;1.407991056;0.0035;0;D06;1.21;0.0809;0.0809;Control 5;VG_2
VG1-2;VG1-2_49;10/15/18;4.08;B2;181;1.468724336;0.113622362;1.346348971;0.0043;17.5;A01;NA;NA;1;1;VG_3
VG1-2;VG1-2_49;10/15/18;4.08;B2;181;1.468724336;0.113622362;1.346348971;0.0043;16.2;A02;-0.79;1.5377;1;2;VG_3
VG1-2;VG1-2_49;10/15/18;4.08;B2;181;1.468724336;0.113622362;1.346348971;0.0043;15;A03;-1.28;1.8747;1;3;VG_3
VG1-2;VG1-2_49;10/15/18;4.08;B2;181;1.468724336;0.113622362;1.346348971;0.0043;13.89;A05;-0.14;1.0959;1;4;VG_3
VG1-2;VG1-2_49;10/15/18;4.08;B2;181;1.468724336;0.113622362;1.346348971;0.0043;12.86;A06;-0.03;1.0215;1;5;VG_3
VG1-2;VG1-2_49;10/15/18;4.08;B2;181;1.468724336;0.113622362;1.346348971;0.0043;11.91;B02;0.06;0.9593;0.9593;6;VG_3
VG1-2;VG1-2_49;10/15/18;4.08;B2;181;1.468724336;0.113622362;1.346348971;0.0043;11.02;B03;0.59;0.6014;0.6014;7;VG_3
VG1-2;VG1-2_49;10/15/18;4.08;B2;181;1.468724336;0.113622362;1.346348971;0.0043;10.21;B04;1.12;0.2388;0.2388;8;VG_3
VG1-2;VG1-2_49;10/15/18;4.08;B2;181;1.468724336;0.113622362;1.346348971;0.0043;9.45;B05;1.18;0.1984;0.1984;9;VG_3
VG1-2;VG1-2_49;10/15/18;4.08;B2;181;1.468724336;0.113622362;1.346348971;0.0043;8.75;C01;1.22;0.1679;0.1679;10;VG_3
VG1-2;VG1-2_49;10/15/18;4.08;B2;181;1.468724336;0.113622362;1.346348971;0.0043;8.1;C02;1.44;0.0221;0.0221;11;VG_3
VG1-2;VG1-2_49;10/15/18;4.08;B2;181;1.468724336;0.113622362;1.346348971;0.0043;7.5;C05;1.49;-0.0176;-0.0176;12;VG_3
VG1-2;VG1-2_49;10/15/18;4.08;B2;181;1.468724336;0.113622362;1.346348971;0.0043;15;C06;NA;NA;1;3;VG_3
VG1-2;VG1-2_49;10/15/18;4.08;B2;181;1.468724336;0.113622362;1.346348971;0.0043;12.86;D01;-0.5;1.3387;1;5;VG_3
VG1-2;VG1-2_49;10/15/18;4.08;B2;181;1.468724336;0.113622362;1.346348971;0.0043;11.02;D02;0.53;0.6403;0.6403;7;VG_3
VG1-2;VG1-2_49;10/15/18;4.08;B2;181;1.468724336;0.113622362;1.346348971;0.0043;15;D03;-0.62;1.423;1;3;VG_3
VG1-2;VG1-2_49;10/15/18;4.08;B2;181;1.468724336;0.113622362;1.346348971;0.0043;12.86;D04;0.02;0.989;0.989;5;VG_3
VG1-2;VG1-2_49;10/15/18;4.08;B2;181;1.468724336;0.113622362;1.346348971;0.0043;11.02;D05;0.93;0.3664;0.3664;7;VG_3
VG1-2;VG1-2_49;10/15/18;4.08;B2;181;1.468724336;0.113622362;1.346348971;0.0043;0;A04;1.48;-0.0096;-0.0096;Control 1;VG_3
VG1-2;VG1-2_49;10/15/18;4.08;B2;181;1.468724336;0.113622362;1.346348971;0.0043;0;B01;1.36;0.0772;0.0772;Control 2;VG_3
VG1-2;VG1-2_49;10/15/18;4.08;B2;181;1.468724336;0.113622362;1.346348971;0.0043;0;B06;1.56;-0.0631;-0.0631;Control 3;VG_3
VG1-2;VG1-2_49;10/15/18;4.08;B2;181;1.468724336;0.113622362;1.346348971;0.0043;0;C03;1.59;-0.0856;-0.0856;Control 4;VG_3
VG1-2;VG1-2_49;10/15/18;4.08;B2;181;1.468724336;0.113622362;1.346348971;0.0043;0;D06;1.35;0.0811;0.0811;Control 5;VG_3
VG1-2;VG1-2_56;10/15/18;4.12;C1;175;1.620727956;0.071377311;1.326284011;0.0043;17.5;A01;NA;NA;1;1;VG_4
VG1-2;VG1-2_56;10/15/18;4.12;C1;175;1.620727956;0.071377311;1.326284011;0.0043;16.2;A02;NA;NA;1;2;VG_4
VG1-2;VG1-2_56;10/15/18;4.12;C1;175;1.620727956;0.071377311;1.326284011;0.0043;15;A03;-1.07;1.658;1;3;VG_4
VG1-2;VG1-2_56;10/15/18;4.12;C1;175;1.620727956;0.071377311;1.326284011;0.0043;13.89;A05;-0.79;1.4867;1;4;VG_4
VG1-2;VG1-2_56;10/15/18;4.12;C1;175;1.620727956;0.071377311;1.326284011;0.0043;12.86;A06;0.7;0.5702;0.5702;5;VG_4
VG1-2;VG1-2_56;10/15/18;4.12;C1;175;1.620727956;0.071377311;1.326284011;0.0043;11.91;B02;0.3;0.8174;0.8174;6;VG_4
VG1-2;VG1-2_56;10/15/18;4.12;C1;175;1.620727956;0.071377311;1.326284011;0.0043;11.02;B03;1.15;0.2889;0.2889;7;VG_4
VG1-2;VG1-2_56;10/15/18;4.12;C1;175;1.620727956;0.071377311;1.326284011;0.0043;10.21;B04;1.31;0.1897;0.1897;8;VG_4
VG1-2;VG1-2_56;10/15/18;4.12;C1;175;1.620727956;0.071377311;1.326284011;0.0043;9.45;B05;1.26;0.2224;0.2224;9;VG_4
VG1-2;VG1-2_56;10/15/18;4.12;C1;175;1.620727956;0.071377311;1.326284011;0.0043;8.75;C01;1.49;0.0787;0.0787;10;VG_4
VG1-2;VG1-2_56;10/15/18;4.12;C1;175;1.620727956;0.071377311;1.326284011;0.0043;8.1;C02;1.42;0.1209;0.1209;11;VG_4
VG1-2;VG1-2_56;10/15/18;4.12;C1;175;1.620727956;0.071377311;1.326284011;0.0043;7.5;C05;1.58;0.0233;0.0233;12;VG_4
VG1-2;VG1-2_56;10/15/18;4.12;C1;175;1.620727956;0.071377311;1.326284011;0.0043;15;C06;-0.99;1.6122;1;3;VG_4
VG1-2;VG1-2_56;10/15/18;4.12;C1;175;1.620727956;0.071377311;1.326284011;0.0043;12.86;D01;-0.14;1.0889;1;5;VG_4
VG1-2;VG1-2_56;10/15/18;4.12;C1;175;1.620727956;0.071377311;1.326284011;0.0043;11.02;D02;1.01;0.3783;0.3783;7;VG_4
VG1-2;VG1-2_56;10/15/18;4.12;C1;175;1.620727956;0.071377311;1.326284011;0.0043;15;D03;-0.33;1.205;1;3;VG_4
VG1-2;VG1-2_56;10/15/18;4.12;C1;175;1.620727956;0.071377311;1.326284011;0.0043;12.86;D04;0.46;0.717;0.717;5;VG_4
VG1-2;VG1-2_56;10/15/18;4.12;C1;175;1.620727956;0.071377311;1.326284011;0.0043;11.02;D05;1.28;0.2072;0.2072;7;VG_4
VG1-2;VG1-2_56;10/15/18;4.12;C1;175;1.620727956;0.071377311;1.326284011;0.0043;0;A04;1.52;0.0598;0.0598;Control 1;VG_4
VG1-2;VG1-2_56;10/15/18;4.12;C1;175;1.620727956;0.071377311;1.326284011;0.0043;0;B01;1.63;-0.0069;-0.0069;Control 2;VG_4
VG1-2;VG1-2_56;10/15/18;4.12;C1;175;1.620727956;0.071377311;1.326284011;0.0043;0;B06;1.67;-0.0285;-0.0285;Control 3;VG_4
VG1-2;VG1-2_56;10/15/18;4.12;C1;175;1.620727956;0.071377311;1.326284011;0.0043;0;C03;1.58;0.0267;0.0267;Control 4;VG_4
VG1-2;VG1-2_56;10/15/18;4.12;C1;175;1.620727956;0.071377311;1.326284011;0.0043;0;D06;1.7;-0.051;-0.051;Control 5;VG_4
VG1-2;VG1-2_58;10/15/18;4.16;C2;184;1.566515588;0.072906029;1.42278285;0.0053;17.5;A01;NA;NA;1;1;VG_5
VG1-2;VG1-2_58;10/15/18;4.16;C2;184;1.566515588;0.072906029;1.42278285;0.0053;16.2;A02;NA;NA;1;2;VG_5
VG1-2;VG1-2_58;10/15/18;4.16;C2;184;1.566515588;0.072906029;1.42278285;0.0053;15;A03;NA;NA;1;3;VG_5
VG1-2;VG1-2_58;10/15/18;4.16;C2;184;1.566515588;0.072906029;1.42278285;0.0053;13.89;A05;NA;NA;1;4;VG_5
VG1-2;VG1-2_58;10/15/18;4.16;C2;184;1.566515588;0.072906029;1.42278285;0.0053;12.86;A06;-0.04;1.0235;1;5;VG_5
VG1-2;VG1-2_58;10/15/18;4.16;C2;184;1.566515588;0.072906029;1.42278285;0.0053;11.91;B02;0.85;0.456;0.456;6;VG_5
VG1-2;VG1-2_58;10/15/18;4.16;C2;184;1.566515588;0.072906029;1.42278285;0.0053;11.02;B03;0.83;0.4684;0.4684;7;VG_5
VG1-2;VG1-2_58;10/15/18;4.16;C2;184;1.566515588;0.072906029;1.42278285;0.0053;10.21;B04;1.2;0.2321;0.2321;8;VG_5
VG1-2;VG1-2_58;10/15/18;4.16;C2;184;1.566515588;0.072906029;1.42278285;0.0053;9.45;B05;1.17;0.2502;0.2502;9;VG_5
VG1-2;VG1-2_58;10/15/18;4.16;C2;184;1.566515588;0.072906029;1.42278285;0.0053;8.75;C01;1.61;-0.0267;-0.0267;10;VG_5
VG1-2;VG1-2_58;10/15/18;4.16;C2;184;1.566515588;0.072906029;1.42278285;0.0053;8.1;C02;1.48;0.0532;0.0532;11;VG_5
VG1-2;VG1-2_58;10/15/18;4.16;C2;184;1.566515588;0.072906029;1.42278285;0.0053;7.5;C05;1.45;0.0747;0.0747;12;VG_5
VG1-2;VG1-2_58;10/15/18;4.16;C2;184;1.566515588;0.072906029;1.42278285;0.0053;15;C06;NA;NA;1;3;VG_5
VG1-2;VG1-2_58;10/15/18;4.16;C2;184;1.566515588;0.072906029;1.42278285;0.0053;12.86;D01;0.3;0.8066;0.8066;5;VG_5
VG1-2;VG1-2_58;10/15/18;4.16;C2;184;1.566515588;0.072906029;1.42278285;0.0053;11.02;D02;0.95;0.3916;0.3916;7;VG_5
VG1-2;VG1-2_58;10/15/18;4.16;C2;184;1.566515588;0.072906029;1.42278285;0.0053;15;D03;NA;NA;1;3;VG_5
VG1-2;VG1-2_58;10/15/18;4.16;C2;184;1.566515588;0.072906029;1.42278285;0.0053;12.86;D04;0.56;0.6404;0.6404;5;VG_5
VG1-2;VG1-2_58;10/15/18;4.16;C2;184;1.566515588;0.072906029;1.42278285;0.0053;11.02;D05;0.99;0.3689;0.3689;7;VG_5
VG1-2;VG1-2_58;10/15/18;4.16;C2;184;1.566515588;0.072906029;1.42278285;0.0053;0;A04;1.46;0.0678;0.0678;Control 1;VG_5
VG1-2;VG1-2_58;10/15/18;4.16;C2;184;1.566515588;0.072906029;1.42278285;0.0053;0;B01;1.53;0.0202;0.0202;Control 2;VG_5
VG1-2;VG1-2_58;10/15/18;4.16;C2;184;1.566515588;0.072906029;1.42278285;0.0053;0;B06;1.57;-0.0027;-0.0027;Control 3;VG_5
VG1-2;VG1-2_58;10/15/18;4.16;C2;184;1.566515588;0.072906029;1.42278285;0.0053;0;C03;1.63;-0.0402;-0.0402;Control 4;VG_5
VG1-2;VG1-2_58;10/15/18;4.16;C2;184;1.566515588;0.072906029;1.42278285;0.0053;0;D06;1.64;-0.0451;-0.0451;Control 5;VG_5
VG1-2;VG1-2_61;10/15/18;4.2;D1;177;1.600225136;0.09122778;1.365315167;0.0044;17.5;A01;-1.19;1.743;1;1;VG_6
VG1-2;VG1-2_61;10/15/18;4.2;D1;177;1.600225136;0.09122778;1.365315167;0.0044;16.2;A02;-1.4;1.8764;1;2;VG_6
VG1-2;VG1-2_61;10/15/18;4.2;D1;177;1.600225136;0.09122778;1.365315167;0.0044;15;A03;-0.54;1.3398;1;3;VG_6
VG1-2;VG1-2_61;10/15/18;4.2;D1;177;1.600225136;0.09122778;1.365315167;0.0044;13.89;A05;-0.52;1.3241;1;4;VG_6
VG1-2;VG1-2_61;10/15/18;4.2;D1;177;1.600225136;0.09122778;1.365315167;0.0044;12.86;A06;0.13;0.9197;0.9197;5;VG_6
VG1-2;VG1-2_61;10/15/18;4.2;D1;177;1.600225136;0.09122778;1.365315167;0.0044;11.91;B02;0.32;0.7988;0.7988;6;VG_6
VG1-2;VG1-2_61;10/15/18;4.2;D1;177;1.600225136;0.09122778;1.365315167;0.0044;11.02;B03;0.66;0.5879;0.5879;7;VG_6
VG1-2;VG1-2_61;10/15/18;4.2;D1;177;1.600225136;0.09122778;1.365315167;0.0044;10.21;B04;0.98;0.3897;0.3897;8;VG_6
VG1-2;VG1-2_61;10/15/18;4.2;D1;177;1.600225136;0.09122778;1.365315167;0.0044;9.45;B05;1.34;0.1615;0.1615;9;VG_6
VG1-2;VG1-2_61;10/15/18;4.2;D1;177;1.600225136;0.09122778;1.365315167;0.0044;8.75;C01;1.48;0.0772;0.0772;10;VG_6
VG1-2;VG1-2_61;10/15/18;4.2;D1;177;1.600225136;0.09122778;1.365315167;0.0044;8.1;C02;1.46;0.0897;0.0897;11;VG_6
VG1-2;VG1-2_61;10/15/18;4.2;D1;177;1.600225136;0.09122778;1.365315167;0.0044;7.5;C05;1.59;0.0054;0.0054;12;VG_6
VG1-2;VG1-2_61;10/15/18;4.2;D1;177;1.600225136;0.09122778;1.365315167;0.0044;15;C06;-1.84;2.1492;1;3;VG_6
VG1-2;VG1-2_61;10/15/18;4.2;D1;177;1.600225136;0.09122778;1.365315167;0.0044;12.86;D01;-0.2;1.1254;1;5;VG_6
VG1-2;VG1-2_61;10/15/18;4.2;D1;177;1.600225136;0.09122778;1.365315167;0.0044;11.02;D02;0.79;0.5094;0.5094;7;VG_6
VG1-2;VG1-2_61;10/15/18;4.2;D1;177;1.600225136;0.09122778;1.365315167;0.0044;15;D03;NA;NA;1;3;VG_6
VG1-2;VG1-2_61;10/15/18;4.2;D1;177;1.600225136;0.09122778;1.365315167;0.0044;12.86;D04;0.12;0.9222;0.9222;5;VG_6
VG1-2;VG1-2_61;10/15/18;4.2;D1;177;1.600225136;0.09122778;1.365315167;0.0044;11.02;D05;0.95;0.4057;0.4057;7;VG_6
VG1-2;VG1-2_61;10/15/18;4.2;D1;177;1.600225136;0.09122778;1.365315167;0.0044;0;A04;1.52;0.0521;0.0521;Control 1;VG_6
VG1-2;VG1-2_61;10/15/18;4.2;D1;177;1.600225136;0.09122778;1.365315167;0.0044;0;B01;1.58;0.0146;0.0146;Control 2;VG_6
VG1-2;VG1-2_61;10/15/18;4.2;D1;177;1.600225136;0.09122778;1.365315167;0.0044;0;B06;1.75;-0.094;-0.094;Control 3;VG_6
VG1-2;VG1-2_61;10/15/18;4.2;D1;177;1.600225136;0.09122778;1.365315167;0.0044;0;C03;1.55;0.0344;0.0344;Control 4;VG_6
VG1-2;VG1-2_61;10/15/18;4.2;D1;177;1.600225136;0.09122778;1.365315167;0.0044;0;D06;1.61;-0.0071;-0.0071;Control 5;VG_6
VG1-2;VG1-2_63;10/15/18;4.23;D2;186;0.847787684;0.0982213;1.414947077;0.0052;17.5;A01;NA;NA;1;1;VG_7
VG1-2;VG1-2_63;10/15/18;4.23;D2;186;0.847787684;0.0982213;1.414947077;0.0052;16.2;A02;NA;NA;1;2;VG_7
VG1-2;VG1-2_63;10/15/18;4.23;D2;186;0.847787684;0.0982213;1.414947077;0.0052;15;A03;-0.81;1.9547;1;3;VG_7
VG1-2;VG1-2_63;10/15/18;4.23;D2;186;0.847787684;0.0982213;1.414947077;0.0052;13.89;A05;-0.27;1.3242;1;4;VG_7
VG1-2;VG1-2_63;10/15/18;4.23;D2;186;0.847787684;0.0982213;1.414947077;0.0052;12.86;A06;-0.76;1.8913;1;5;VG_7
VG1-2;VG1-2_63;10/15/18;4.23;D2;186;0.847787684;0.0982213;1.414947077;0.0052;11.91;B02;0.69;0.1822;0.1822;6;VG_7
VG1-2;VG1-2_63;10/15/18;4.23;D2;186;0.847787684;0.0982213;1.414947077;0.0052;11.02;B03;0.55;0.3539;0.3539;7;VG_7
VG1-2;VG1-2_63;10/15/18;4.23;D2;186;0.847787684;0.0982213;1.414947077;0.0052;10.21;B04;0.87;-0.0234;-0.0234;8;VG_7
VG1-2;VG1-2_63;10/15/18;4.23;D2;186;0.847787684;0.0982213;1.414947077;0.0052;9.45;B05;0.79;0.0682;0.0682;9;VG_7
VG1-2;VG1-2_63;10/15/18;4.23;D2;186;0.847787684;0.0982213;1.414947077;0.0052;8.75;C01;1.03;-0.2169;-0.2169;10;VG_7
VG1-2;VG1-2_63;10/15/18;4.23;D2;186;0.847787684;0.0982213;1.414947077;0.0052;8.1;C02;0.59;0.3057;0.3057;11;VG_7
VG1-2;VG1-2_63;10/15/18;4.23;D2;186;0.847787684;0.0982213;1.414947077;0.0052;7.5;C05;0.92;-0.0889;-0.0889;12;VG_7
VG1-2;VG1-2_63;10/15/18;4.23;D2;186;0.847787684;0.0982213;1.414947077;0.0052;15;C06;-0.35;1.4178;1;3;VG_7
VG1-2;VG1-2_63;10/15/18;4.23;D2;186;0.847787684;0.0982213;1.414947077;0.0052;12.86;D01;0.07;0.918;0.918;5;VG_7
VG1-2;VG1-2_63;10/15/18;4.23;D2;186;0.847787684;0.0982213;1.414947077;0.0052;11.02;D02;0.53;0.3692;0.3692;7;VG_7
VG1-2;VG1-2_63;10/15/18;4.23;D2;186;0.847787684;0.0982213;1.414947077;0.0052;15;D03;-0.62;1.736;1;3;VG_7
VG1-2;VG1-2_63;10/15/18;4.23;D2;186;0.847787684;0.0982213;1.414947077;0.0052;12.86;D04;-0.35;1.4073;1;5;VG_7
VG1-2;VG1-2_63;10/15/18;4.23;D2;186;0.847787684;0.0982213;1.414947077;0.0052;11.02;D05;0.67;0.2089;0.2089;7;VG_7
VG1-2;VG1-2_63;10/15/18;4.23;D2;186;0.847787684;0.0982213;1.414947077;0.0052;0;A04;0.56;0.3398;0.3398;Control 1;VG_7
VG1-2;VG1-2_63;10/15/18;4.23;D2;186;0.847787684;0.0982213;1.414947077;0.0052;0;B01;0.51;0.4023;0.4023;Control 2;VG_7
VG1-2;VG1-2_63;10/15/18;4.23;D2;186;0.847787684;0.0982213;1.414947077;0.0052;0;B06;0.44;0.4768;0.4768;Control 3;VG_7
VG1-2;VG1-2_63;10/15/18;4.23;D2;186;0.847787684;0.0982213;1.414947077;0.0052;0;C03;0.71;0.1635;0.1635;Control 4;VG_7
VG1-2;VG1-2_63;10/15/18;4.23;D2;186;0.847787684;0.0982213;1.414947077;0.0052;0;D06;0.56;0.3354;0.3354;Control 5;VG_7
VG1-2;VG1-2_64;10/15/18;4.27;E1;174;1.57808027;0.058035783;1.364180864;0.005;17.5;A01;NA;NA;1;1;VG_8
VG1-2;VG1-2_64;10/15/18;4.27;E1;174;1.57808027;0.058035783;1.364180864;0.005;16.2;A02;-1.06;1.6702;1;2;VG_8
VG1-2;VG1-2_64;10/15/18;4.27;E1;174;1.57808027;0.058035783;1.364180864;0.005;15;A03;-0.65;1.412;1;3;VG_8
VG1-2;VG1-2_64;10/15/18;4.27;E1;174;1.57808027;0.058035783;1.364180864;0.005;13.89;A05;-0.27;1.1727;1;4;VG_8
VG1-2;VG1-2_64;10/15/18;4.27;E1;174;1.57808027;0.058035783;1.364180864;0.005;12.86;A06;0.05;0.9679;0.9679;5;VG_8
VG1-2;VG1-2_64;10/15/18;4.27;E1;174;1.57808027;0.058035783;1.364180864;0.005;11.91;B02;0.74;0.5324;0.5324;6;VG_8
VG1-2;VG1-2_64;10/15/18;4.27;E1;174;1.57808027;0.058035783;1.364180864;0.005;11.02;B03;0.82;0.4772;0.4772;7;VG_8
VG1-2;VG1-2_64;10/15/18;4.27;E1;174;1.57808027;0.058035783;1.364180864;0.005;10.21;B04;0.77;0.5108;0.5108;8;VG_8
VG1-2;VG1-2_64;10/15/18;4.27;E1;174;1.57808027;0.058035783;1.364180864;0.005;9.45;B05;0.9;0.429;0.429;9;VG_8
VG1-2;VG1-2_64;10/15/18;4.27;E1;174;1.57808027;0.058035783;1.364180864;0.005;8.75;C01;1.33;0.1581;0.1581;10;VG_8
VG1-2;VG1-2_64;10/15/18;4.27;E1;174;1.57808027;0.058035783;1.364180864;0.005;8.1;C02;1.4;0.1118;0.1118;11;VG_8
VG1-2;VG1-2_64;10/15/18;4.27;E1;174;1.57808027;0.058035783;1.364180864;0.005;7.5;C05;1.29;0.1855;0.1855;12;VG_8
VG1-2;VG1-2_64;10/15/18;4.27;E1;174;1.57808027;0.058035783;1.364180864;0.005;15;C06;-1.06;1.6702;1;3;VG_8
VG1-2;VG1-2_64;10/15/18;4.27;E1;174;1.57808027;0.058035783;1.364180864;0.005;12.86;D01;0.2;0.8745;0.8745;5;VG_8
VG1-2;VG1-2_64;10/15/18;4.27;E1;174;1.57808027;0.058035783;1.364180864;0.005;11.02;D02;0.73;0.5361;0.5361;7;VG_8
VG1-2;VG1-2_64;10/15/18;4.27;E1;174;1.57808027;0.058035783;1.364180864;0.005;15;D03;-1.15;1.73;1;3;VG_8
VG1-2;VG1-2_64;10/15/18;4.27;E1;174;1.57808027;0.058035783;1.364180864;0.005;12.86;D04;-0.24;1.1541;1;5;VG_8
VG1-2;VG1-2_64;10/15/18;4.27;E1;174;1.57808027;0.058035783;1.364180864;0.005;11.02;D05;0.76;0.5162;0.5162;7;VG_8
VG1-2;VG1-2_64;10/15/18;4.27;E1;174;1.57808027;0.058035783;1.364180864;0.005;0;A04;1.63;-0.0308;-0.0308;Control 1;VG_8
VG1-2;VG1-2_64;10/15/18;4.27;E1;174;1.57808027;0.058035783;1.364180864;0.005;0;B01;1.59;-0.0091;-0.0091;Control 2;VG_8
VG1-2;VG1-2_64;10/15/18;4.27;E1;174;1.57808027;0.058035783;1.364180864;0.005;0;B06;1.57;0.0078;0.0078;Control 3;VG_8
VG1-2;VG1-2_64;10/15/18;4.27;E1;174;1.57808027;0.058035783;1.364180864;0.005;0;C03;1.48;0.0596;0.0596;Control 4;VG_8
VG1-2;VG1-2_64;10/15/18;4.27;E1;174;1.57808027;0.058035783;1.364180864;0.005;0;D06;1.62;-0.0276;-0.0276;Control 5;VG_8
VG1-2;VG1-2_65;10/15/18;4.31;E2;187;1.437384603;0.071115012;1.379986756;0.004;17.5;A01;-0.88;1.6106;1;1;VG_9
VG1-2;VG1-2_65;10/15/18;4.31;E2;187;1.437384603;0.071115012;1.379986756;0.004;16.2;A02;-0.53;1.3699;1;2;VG_9
VG1-2;VG1-2_65;10/15/18;4.31;E2;187;1.437384603;0.071115012;1.379986756;0.004;15;A03;NA;NA;1;3;VG_9
VG1-2;VG1-2_65;10/15/18;4.31;E2;187;1.437384603;0.071115012;1.379986756;0.004;13.89;A05;-0.53;1.3662;1;4;VG_9
VG1-2;VG1-2_65;10/15/18;4.31;E2;187;1.437384603;0.071115012;1.379986756;0.004;12.86;A06;0.1;0.9324;0.9324;5;VG_9
VG1-2;VG1-2_65;10/15/18;4.31;E2;187;1.437384603;0.071115012;1.379986756;0.004;11.91;B02;-0.06;1.0452;1;6;VG_9
VG1-2;VG1-2_65;10/15/18;4.31;E2;187;1.437384603;0.071115012;1.379986756;0.004;11.02;B03;0.23;0.8396;0.8396;7;VG_9
VG1-2;VG1-2_65;10/15/18;4.31;E2;187;1.437384603;0.071115012;1.379986756;0.004;10.21;B04;0.64;0.5562;0.5562;8;VG_9
VG1-2;VG1-2_65;10/15/18;4.31;E2;187;1.437384603;0.071115012;1.379986756;0.004;9.45;B05;0.82;0.4279;0.4279;9;VG_9
VG1-2;VG1-2_65;10/15/18;4.31;E2;187;1.437384603;0.071115012;1.379986756;0.004;8.75;C01;1.12;0.2237;0.2237;10;VG_9
VG1-2;VG1-2_65;10/15/18;4.31;E2;187;1.437384603;0.071115012;1.379986756;0.004;8.1;C02;1.05;0.27;0.27;11;VG_9
VG1-2;VG1-2_65;10/15/18;4.31;E2;187;1.437384603;0.071115012;1.379986756;0.004;7.5;C05;1.18;0.1774;0.1774;12;VG_9
VG1-2;VG1-2_65;10/15/18;4.31;E2;187;1.437384603;0.071115012;1.379986756;0.004;15;C06;-0.33;1.227;1;3;VG_9
VG1-2;VG1-2_65;10/15/18;4.31;E2;187;1.437384603;0.071115012;1.379986756;0.004;12.86;D01;-0.34;1.2334;1;5;VG_9
VG1-2;VG1-2_65;10/15/18;4.31;E2;187;1.437384603;0.071115012;1.379986756;0.004;11.02;D02;0.5;0.6512;0.6512;7;VG_9
VG1-2;VG1-2_65;10/15/18;4.31;E2;187;1.437384603;0.071115012;1.379986756;0.004;15;D03;-0.55;1.3859;1;3;VG_9
VG1-2;VG1-2_65;10/15/18;4.31;E2;187;1.437384603;0.071115012;1.379986756;0.004;12.86;D04;-0.37;1.2589;1;5;VG_9
VG1-2;VG1-2_65;10/15/18;4.31;E2;187;1.437384603;0.071115012;1.379986756;0.004;11.02;D05;0.47;0.6745;0.6745;7;VG_9
VG1-2;VG1-2_65;10/15/18;4.31;E2;187;1.437384603;0.071115012;1.379986756;0.004;0;A04;1.41;0.0196;0.0196;Control 1;VG_9
VG1-2;VG1-2_65;10/15/18;4.31;E2;187;1.437384603;0.071115012;1.379986756;0.004;0;B01;1.51;-0.0502;-0.0502;Control 2;VG_9
VG1-2;VG1-2_65;10/15/18;4.31;E2;187;1.437384603;0.071115012;1.379986756;0.004;0;B06;1.33;0.0754;0.0754;Control 3;VG_9
VG1-2;VG1-2_65;10/15/18;4.31;E2;187;1.437384603;0.071115012;1.379986756;0.004;0;C03;1.46;-0.0124;-0.0124;Control 4;VG_9
VG1-2;VG1-2_65;10/15/18;4.31;E2;187;1.437384603;0.071115012;1.379986756;0.004;0;D06;1.48;-0.0324;-0.0324;Control 5;VG_9
VG1-2;VG1-2_66;10/15/18;4.35;F1;172;1.365673421;0.110366237;1.524951778;0.0053;17.5;A01;NA;NA;1;1;VG_10
VG1-2;VG1-2_66;10/15/18;4.35;F1;172;1.365673421;0.110366237;1.524951778;0.0053;16.2;A02;NA;NA;1;2;VG_10
VG1-2;VG1-2_66;10/15/18;4.35;F1;172;1.365673421;0.110366237;1.524951778;0.0053;15;A03;NA;NA;1;3;VG_10
VG1-2;VG1-2_66;10/15/18;4.35;F1;172;1.365673421;0.110366237;1.524951778;0.0053;13.89;A05;-0.4;1.2895;1;4;VG_10
VG1-2;VG1-2_66;10/15/18;4.35;F1;172;1.365673421;0.110366237;1.524951778;0.0053;12.86;A06;0.52;0.6183;0.6183;5;VG_10
VG1-2;VG1-2_66;10/15/18;4.35;F1;172;1.365673421;0.110366237;1.524951778;0.0053;11.91;B02;0.78;0.4253;0.4253;6;VG_10
VG1-2;VG1-2_66;10/15/18;4.35;F1;172;1.365673421;0.110366237;1.524951778;0.0053;11.02;B03;1.11;0.1906;0.1906;7;VG_10
VG1-2;VG1-2_66;10/15/18;4.35;F1;172;1.365673421;0.110366237;1.524951778;0.0053;10.21;B04;0.74;0.4616;0.4616;8;VG_10
VG1-2;VG1-2_66;10/15/18;4.35;F1;172;1.365673421;0.110366237;1.524951778;0.0053;9.45;B05;1.09;0.2047;0.2047;9;VG_10
VG1-2;VG1-2_66;10/15/18;4.35;F1;172;1.365673421;0.110366237;1.524951778;0.0053;8.75;C01;1.4;-0.0257;-0.0257;10;VG_10
VG1-2;VG1-2_66;10/15/18;4.35;F1;172;1.365673421;0.110366237;1.524951778;0.0053;8.1;C02;1.41;-0.0328;-0.0328;11;VG_10
VG1-2;VG1-2_66;10/15/18;4.35;F1;172;1.365673421;0.110366237;1.524951778;0.0053;7.5;C05;1.29;0.0585;0.0585;12;VG_10
VG1-2;VG1-2_66;10/15/18;4.35;F1;172;1.365673421;0.110366237;1.524951778;0.0053;15;C06;NA;NA;1;3;VG_10
VG1-2;VG1-2_66;10/15/18;4.35;F1;172;1.365673421;0.110366237;1.524951778;0.0053;12.86;D01;0.62;0.5473;0.5473;5;VG_10
VG1-2;VG1-2_66;10/15/18;4.35;F1;172;1.365673421;0.110366237;1.524951778;0.0053;11.02;D02;0.99;0.2714;0.2714;7;VG_10
VG1-2;VG1-2_66;10/15/18;4.35;F1;172;1.365673421;0.110366237;1.524951778;0.0053;15;D03;NA;NA;1;3;VG_10
VG1-2;VG1-2_66;10/15/18;4.35;F1;172;1.365673421;0.110366237;1.524951778;0.0053;12.86;D04;0.22;0.8402;0.8402;5;VG_10
VG1-2;VG1-2_66;10/15/18;4.35;F1;172;1.365673421;0.110366237;1.524951778;0.0053;11.02;D05;1.01;0.2632;0.2632;7;VG_10
VG1-2;VG1-2_66;10/15/18;4.35;F1;172;1.365673421;0.110366237;1.524951778;0.0053;0;A04;1;0.2666;0.2666;Control 1;VG_10
VG1-2;VG1-2_66;10/15/18;4.35;F1;172;1.365673421;0.110366237;1.524951778;0.0053;0;B01;1.09;0.2028;0.2028;Control 2;VG_10
VG1-2;VG1-2_66;10/15/18;4.35;F1;172;1.365673421;0.110366237;1.524951778;0.0053;0;B06;1.15;0.1557;0.1557;Control 3;VG_10
VG1-2;VG1-2_66;10/15/18;4.35;F1;172;1.365673421;0.110366237;1.524951778;0.0053;0;C03;1.07;0.2183;0.2183;Control 4;VG_10
VG1-2;VG1-2_66;10/15/18;4.35;F1;172;1.365673421;0.110366237;1.524951778;0.0053;0;D06;1.29;0.0533;0.0533;Control 5;VG_10
VG1-2;VG1-2_67;10/15/18;4.39;F2;180;1.669986901;0.074675836;1.450598357;0.0038;17.5;A01;NA;NA;1;1;VG_11
VG1-2;VG1-2_67;10/15/18;4.39;F2;180;1.669986901;0.074675836;1.450598357;0.0038;16.2;A02;NA;NA;1;2;VG_11
VG1-2;VG1-2_67;10/15/18;4.39;F2;180;1.669986901;0.074675836;1.450598357;0.0038;15;A03;NA;NA;1;3;VG_11
VG1-2;VG1-2_67;10/15/18;4.39;F2;180;1.669986901;0.074675836;1.450598357;0.0038;13.89;A05;NA;NA;1;4;VG_11
VG1-2;VG1-2_67;10/15/18;4.39;F2;180;1.669986901;0.074675836;1.450598357;0.0038;12.86;A06;NA;NA;1;5;VG_11
VG1-2;VG1-2_67;10/15/18;4.39;F2;180;1.669986901;0.074675836;1.450598357;0.0038;11.91;B02;NA;NA;1;6;VG_11
VG1-2;VG1-2_67;10/15/18;4.39;F2;180;1.669986901;0.074675836;1.450598357;0.0038;11.02;B03;-0.48;1.2851;1;7;VG_11
VG1-2;VG1-2_67;10/15/18;4.39;F2;180;1.669986901;0.074675836;1.450598357;0.0038;10.21;B04;-0.19;1.1159;1;8;VG_11
VG1-2;VG1-2_67;10/15/18;4.39;F2;180;1.669986901;0.074675836;1.450598357;0.0038;9.45;B05;1.04;0.3768;0.3768;9;VG_11
VG1-2;VG1-2_67;10/15/18;4.39;F2;180;1.669986901;0.074675836;1.450598357;0.0038;8.75;C01;0.76;0.5453;0.5453;10;VG_11
VG1-2;VG1-2_67;10/15/18;4.39;F2;180;1.669986901;0.074675836;1.450598357;0.0038;8.1;C02;1.25;0.2538;0.2538;11;VG_11
VG1-2;VG1-2_67;10/15/18;4.39;F2;180;1.669986901;0.074675836;1.450598357;0.0038;7.5;C05;1.4;0.1589;0.1589;12;VG_11
VG1-2;VG1-2_67;10/15/18;4.39;F2;180;1.669986901;0.074675836;1.450598357;0.0038;15;C06;NA;NA;1;3;VG_11
VG1-2;VG1-2_67;10/15/18;4.39;F2;180;1.669986901;0.074675836;1.450598357;0.0038;12.86;D01;-0.42;1.2493;1;5;VG_11
VG1-2;VG1-2_67;10/15/18;4.39;F2;180;1.669986901;0.074675836;1.450598357;0.0038;11.02;D02;-0.15;1.0927;1;7;VG_11
VG1-2;VG1-2_67;10/15/18;4.39;F2;180;1.669986901;0.074675836;1.450598357;0.0038;15;D03;NA;NA;1;3;VG_11
VG1-2;VG1-2_67;10/15/18;4.39;F2;180;1.669986901;0.074675836;1.450598357;0.0038;12.86;D04;NA;NA;1;5;VG_11
VG1-2;VG1-2_67;10/15/18;4.39;F2;180;1.669986901;0.074675836;1.450598357;0.0038;11.02;D05;0.21;0.8718;0.8718;7;VG_11
VG1-2;VG1-2_67;10/15/18;4.39;F2;180;1.669986901;0.074675836;1.450598357;0.0038;0;A04;1.59;0.05;0.05;Control 1;VG_11
VG1-2;VG1-2_67;10/15/18;4.39;F2;180;1.669986901;0.074675836;1.450598357;0.0038;0;B01;1.62;0.031;0.031;Control 2;VG_11
VG1-2;VG1-2_67;10/15/18;4.39;F2;180;1.669986901;0.074675836;1.450598357;0.0038;0;B06;1.69;-0.0104;-0.0104;Control 3;VG_11
VG1-2;VG1-2_67;10/15/18;4.39;F2;180;1.669986901;0.074675836;1.450598357;0.0038;0;C03;1.78;-0.0664;-0.0664;Control 4;VG_11
VG1-2;VG1-2_67;10/15/18;4.39;F2;180;1.669986901;0.074675836;1.450598357;0.0038;0;D06;1.68;-0.0041;-0.0041;Control 5;VG_11
VG1-2;VG1-2_72;10/15/18;4.43;G2;163;1.73521484;0.05622729;1.365358868;0.0041;17.5;A01;NA;NA;1;1;VG_12
VG1-2;VG1-2_72;10/15/18;4.43;G2;163;1.73521484;0.05622729;1.365358868;0.0041;16.2;A02;NA;NA;1;2;VG_12
VG1-2;VG1-2_72;10/15/18;4.43;G2;163;1.73521484;0.05622729;1.365358868;0.0041;15;A03;NA;NA;1;3;VG_12
VG1-2;VG1-2_72;10/15/18;4.43;G2;163;1.73521484;0.05622729;1.365358868;0.0041;13.89;A05;-0.52;1.3019;1;4;VG_12
VG1-2;VG1-2_72;10/15/18;4.43;G2;163;1.73521484;0.05622729;1.365358868;0.0041;12.86;A06;-0.25;1.1439;1;5;VG_12
VG1-2;VG1-2_72;10/15/18;4.43;G2;163;1.73521484;0.05622729;1.365358868;0.0041;11.91;B02;0.53;0.6935;0.6935;6;VG_12
VG1-2;VG1-2_72;10/15/18;4.43;G2;163;1.73521484;0.05622729;1.365358868;0.0041;11.02;B03;0.7;0.5967;0.5967;7;VG_12
VG1-2;VG1-2_72;10/15/18;4.43;G2;163;1.73521484;0.05622729;1.365358868;0.0041;10.21;B04;1.08;0.3795;0.3795;8;VG_12
VG1-2;VG1-2_72;10/15/18;4.43;G2;163;1.73521484;0.05622729;1.365358868;0.0041;9.45;B05;1.34;0.2285;0.2285;9;VG_12
VG1-2;VG1-2_72;10/15/18;4.43;G2;163;1.73521484;0.05622729;1.365358868;0.0041;8.75;C01;1.62;0.0682;0.0682;10;VG_12
VG1-2;VG1-2_72;10/15/18;4.43;G2;163;1.73521484;0.05622729;1.365358868;0.0041;8.1;C02;1.59;0.0849;0.0849;11;VG_12
VG1-2;VG1-2_72;10/15/18;4.43;G2;163;1.73521484;0.05622729;1.365358868;0.0041;7.5;C05;1.64;0.052;0.052;12;VG_12
VG1-2;VG1-2_72;10/15/18;4.43;G2;163;1.73521484;0.05622729;1.365358868;0.0041;15;C06;NA;NA;1;3;VG_12
VG1-2;VG1-2_72;10/15/18;4.43;G2;163;1.73521484;0.05622729;1.365358868;0.0041;12.86;D01;0.37;0.7885;0.7885;5;VG_12
VG1-2;VG1-2_72;10/15/18;4.43;G2;163;1.73521484;0.05622729;1.365358868;0.0041;11.02;D02;1.17;0.3244;0.3244;7;VG_12
VG1-2;VG1-2_72;10/15/18;4.43;G2;163;1.73521484;0.05622729;1.365358868;0.0041;15;D03;NA;NA;1;3;VG_12
VG1-2;VG1-2_72;10/15/18;4.43;G2;163;1.73521484;0.05622729;1.365358868;0.0041;12.86;D04;-0.34;1.1948;1;5;VG_12
VG1-2;VG1-2_72;10/15/18;4.43;G2;163;1.73521484;0.05622729;1.365358868;0.0041;11.02;D05;1.13;0.3483;0.3483;7;VG_12
VG1-2;VG1-2_72;10/15/18;4.43;G2;163;1.73521484;0.05622729;1.365358868;0.0041;0;A04;1.7;0.023;0.023;Control 1;VG_12
VG1-2;VG1-2_72;10/15/18;4.43;G2;163;1.73521484;0.05622729;1.365358868;0.0041;0;B01;1.71;0.0128;0.0128;Control 2;VG_12
VG1-2;VG1-2_72;10/15/18;4.43;G2;163;1.73521484;0.05622729;1.365358868;0.0041;0;B06;1.83;-0.053;-0.053;Control 3;VG_12
VG1-2;VG1-2_72;10/15/18;4.43;G2;163;1.73521484;0.05622729;1.365358868;0.0041;0;C03;1.69;0.0252;0.0252;Control 4;VG_12
VG1-2;VG1-2_72;10/15/18;4.43;G2;163;1.73521484;0.05622729;1.365358868;0.0041;0;D06;1.75;-0.0079;-0.0079;Control 5;VG_12
VG1-2;VG1-2_74;10/15/18;4.47;G3;168;1.88322379;0.058568423;1.449433932;0.005;17.5;A01;NA;NA;1;1;VG_13
VG1-2;VG1-2_74;10/15/18;4.47;G3;168;1.88322379;0.058568423;1.449433932;0.005;16.2;A02;-0.25;1.1347;1;2;VG_13
VG1-2;VG1-2_74;10/15/18;4.47;G3;168;1.88322379;0.058568423;1.449433932;0.005;15;A03;-0.27;1.1459;1;3;VG_13
VG1-2;VG1-2_74;10/15/18;4.47;G3;168;1.88322379;0.058568423;1.449433932;0.005;13.89;A05;0.3;0.8396;0.8396;4;VG_13
VG1-2;VG1-2_74;10/15/18;4.47;G3;168;1.88322379;0.058568423;1.449433932;0.005;12.86;A06;0.9;0.523;0.523;5;VG_13
VG1-2;VG1-2_74;10/15/18;4.47;G3;168;1.88322379;0.058568423;1.449433932;0.005;11.91;B02;1.35;0.2828;0.2828;6;VG_13
VG1-2;VG1-2_74;10/15/18;4.47;G3;168;1.88322379;0.058568423;1.449433932;0.005;11.02;B03;1.28;0.3223;0.3223;7;VG_13
VG1-2;VG1-2_74;10/15/18;4.47;G3;168;1.88322379;0.058568423;1.449433932;0.005;10.21;B04;1.64;0.1267;0.1267;8;VG_13
VG1-2;VG1-2_74;10/15/18;4.47;G3;168;1.88322379;0.058568423;1.449433932;0.005;9.45;B05;1.78;0.0556;0.0556;9;VG_13
VG1-2;VG1-2_74;10/15/18;4.47;G3;168;1.88322379;0.058568423;1.449433932;0.005;8.75;C01;1.7;0.0985;0.0985;10;VG_13
VG1-2;VG1-2_74;10/15/18;4.47;G3;168;1.88322379;0.058568423;1.449433932;0.005;8.1;C02;1.85;0.0157;0.0157;11;VG_13
VG1-2;VG1-2_74;10/15/18;4.47;G3;168;1.88322379;0.058568423;1.449433932;0.005;7.5;C05;1.82;0.0328;0.0328;12;VG_13
VG1-2;VG1-2_74;10/15/18;4.47;G3;168;1.88322379;0.058568423;1.449433932;0.005;15;C06;-0.53;1.2841;1;3;VG_13
VG1-2;VG1-2_74;10/15/18;4.47;G3;168;1.88322379;0.058568423;1.449433932;0.005;12.86;D01;0.85;0.5503;0.5503;5;VG_13
VG1-2;VG1-2_74;10/15/18;4.47;G3;168;1.88322379;0.058568423;1.449433932;0.005;11.02;D02;1.26;0.3317;0.3317;7;VG_13
VG1-2;VG1-2_74;10/15/18;4.47;G3;168;1.88322379;0.058568423;1.449433932;0.005;15;D03;NA;NA;1;3;VG_13
VG1-2;VG1-2_74;10/15/18;4.47;G3;168;1.88322379;0.058568423;1.449433932;0.005;12.86;D04;0.98;0.4814;0.4814;5;VG_13
VG1-2;VG1-2_74;10/15/18;4.47;G3;168;1.88322379;0.058568423;1.449433932;0.005;11.02;D05;1.38;0.2652;0.2652;7;VG_13
VG1-2;VG1-2_74;10/15/18;4.47;G3;168;1.88322379;0.058568423;1.449433932;0.005;0;A04;1.87;0.0044;0.0044;Control 1;VG_13
VG1-2;VG1-2_74;10/15/18;4.47;G3;168;1.88322379;0.058568423;1.449433932;0.005;0;B01;1.87;0.0087;0.0087;Control 2;VG_13
VG1-2;VG1-2_74;10/15/18;4.47;G3;168;1.88322379;0.058568423;1.449433932;0.005;0;B06;1.94;-0.0277;-0.0277;Control 3;VG_13
VG1-2;VG1-2_74;10/15/18;4.47;G3;168;1.88322379;0.058568423;1.449433932;0.005;0;C03;1.94;-0.0308;-0.0308;Control 4;VG_13
VG1-2;VG1-2_74;10/15/18;4.47;G3;168;1.88322379;0.058568423;1.449433932;0.005;0;D06;1.8;0.0454;0.0454;Control 5;VG_13
VG1-2;VG1-2_78;10/15/18;4.51;G4;173;1.852870637;0.033349078;1.470970803;0.0044;17.5;A01;NA;NA;1;1;VG_14
VG1-2;VG1-2_78;10/15/18;4.51;G4;173;1.852870637;0.033349078;1.470970803;0.0044;16.2;A02;NA;NA;1;2;VG_14
VG1-2;VG1-2_78;10/15/18;4.51;G4;173;1.852870637;0.033349078;1.470970803;0.0044;15;A03;NA;NA;1;3;VG_14
VG1-2;VG1-2_78;10/15/18;4.51;G4;173;1.852870637;0.033349078;1.470970803;0.0044;13.89;A05;-0.31;1.1657;1;4;VG_14
VG1-2;VG1-2_78;10/15/18;4.51;G4;173;1.852870637;0.033349078;1.470970803;0.0044;12.86;A06;-0.24;1.1315;1;5;VG_14
VG1-2;VG1-2_78;10/15/18;4.51;G4;173;1.852870637;0.033349078;1.470970803;0.0044;11.91;B02;0.86;0.536;0.536;6;VG_14
VG1-2;VG1-2_78;10/15/18;4.51;G4;173;1.852870637;0.033349078;1.470970803;0.0044;11.02;B03;1.34;0.2794;0.2794;7;VG_14
VG1-2;VG1-2_78;10/15/18;4.51;G4;173;1.852870637;0.033349078;1.470970803;0.0044;10.21;B04;1.43;0.228;0.228;8;VG_14
VG1-2;VG1-2_78;10/15/18;4.51;G4;173;1.852870637;0.033349078;1.470970803;0.0044;9.45;B05;1.68;0.0938;0.0938;9;VG_14
VG1-2;VG1-2_78;10/15/18;4.51;G4;173;1.852870637;0.033349078;1.470970803;0.0044;8.75;C01;1.72;0.0739;0.0739;10;VG_14
VG1-2;VG1-2_78;10/15/18;4.51;G4;173;1.852870637;0.033349078;1.470970803;0.0044;8.1;C02;1.79;0.0319;0.0319;11;VG_14
VG1-2;VG1-2_78;10/15/18;4.51;G4;173;1.852870637;0.033349078;1.470970803;0.0044;7.5;C05;1.87;-0.0107;-0.0107;12;VG_14
VG1-2;VG1-2_78;10/15/18;4.51;G4;173;1.852870637;0.033349078;1.470970803;0.0044;15;C06;NA;NA;1;3;VG_14
VG1-2;VG1-2_78;10/15/18;4.51;G4;173;1.852870637;0.033349078;1.470970803;0.0044;12.86;D01;-0.45;1.2425;1;5;VG_14
VG1-2;VG1-2_78;10/15/18;4.51;G4;173;1.852870637;0.033349078;1.470970803;0.0044;11.02;D02;1.06;0.4263;0.4263;7;VG_14
VG1-2;VG1-2_78;10/15/18;4.51;G4;173;1.852870637;0.033349078;1.470970803;0.0044;15;D03;-0.51;1.2747;1;3;VG_14
VG1-2;VG1-2_78;10/15/18;4.51;G4;173;1.852870637;0.033349078;1.470970803;0.0044;12.86;D04;-0.09;1.0468;1;5;VG_14
VG1-2;VG1-2_78;10/15/18;4.51;G4;173;1.852870637;0.033349078;1.470970803;0.0044;11.02;D05;1.06;0.4265;0.4265;7;VG_14
VG1-2;VG1-2_78;10/15/18;4.51;G4;173;1.852870637;0.033349078;1.470970803;0.0044;0;A04;1.85;0.0007;0.0007;Control 1;VG_14
VG1-2;VG1-2_78;10/15/18;4.51;G4;173;1.852870637;0.033349078;1.470970803;0.0044;0;B01;1.83;0.0097;0.0097;Control 2;VG_14
VG1-2;VG1-2_78;10/15/18;4.51;G4;173;1.852870637;0.033349078;1.470970803;0.0044;0;B06;1.9;-0.0229;-0.0229;Control 3;VG_14
VG1-2;VG1-2_78;10/15/18;4.51;G4;173;1.852870637;0.033349078;1.470970803;0.0044;0;C03;1.87;-0.0111;-0.0111;Control 4;VG_14
VG1-2;VG1-2_78;10/15/18;4.51;G4;173;1.852870637;0.033349078;1.470970803;0.0044;0;D06;1.81;0.0235;0.0235;Control 5;VG_14
VG1-2;VG1-2_81;10/15/18;4.55;G5;176;1.778107822;0.066499002;1.614678916;0.0045;17.5;A01;0;1.0013;1;1;VG_15
VG1-2;VG1-2_81;10/15/18;4.55;G5;176;1.778107822;0.066499002;1.614678916;0.0045;16.2;A02;0.34;0.8097;0.8097;2;VG_15
VG1-2;VG1-2_81;10/15/18;4.55;G5;176;1.778107822;0.066499002;1.614678916;0.0045;15;A03;0.81;0.5449;0.5449;3;VG_15
VG1-2;VG1-2_81;10/15/18;4.55;G5;176;1.778107822;0.066499002;1.614678916;0.0045;13.89;A05;1.08;0.3927;0.3927;4;VG_15
VG1-2;VG1-2_81;10/15/18;4.55;G5;176;1.778107822;0.066499002;1.614678916;0.0045;12.86;A06;1.29;0.2719;0.2719;5;VG_15
VG1-2;VG1-2_81;10/15/18;4.55;G5;176;1.778107822;0.066499002;1.614678916;0.0045;11.91;B02;1.59;0.1038;0.1038;6;VG_15
VG1-2;VG1-2_81;10/15/18;4.55;G5;176;1.778107822;0.066499002;1.614678916;0.0045;11.02;B03;1.63;0.0828;0.0828;7;VG_15
VG1-2;VG1-2_81;10/15/18;4.55;G5;176;1.778107822;0.066499002;1.614678916;0.0045;10.21;B04;1.7;0.0441;0.0441;8;VG_15
VG1-2;VG1-2_81;10/15/18;4.55;G5;176;1.778107822;0.066499002;1.614678916;0.0045;9.45;B05;1.74;0.0239;0.0239;9;VG_15
VG1-2;VG1-2_81;10/15/18;4.55;G5;176;1.778107822;0.066499002;1.614678916;0.0045;8.75;C01;1.73;0.0254;0.0254;10;VG_15
VG1-2;VG1-2_81;10/15/18;4.55;G5;176;1.778107822;0.066499002;1.614678916;0.0045;8.1;C02;1.79;-0.0076;-0.0076;11;VG_15
VG1-2;VG1-2_81;10/15/18;4.55;G5;176;1.778107822;0.066499002;1.614678916;0.0045;7.5;C05;1.85;-0.0411;-0.0411;12;VG_15
VG1-2;VG1-2_81;10/15/18;4.55;G5;176;1.778107822;0.066499002;1.614678916;0.0045;15;C06;0.56;0.6825;0.6825;3;VG_15
VG1-2;VG1-2_81;10/15/18;4.55;G5;176;1.778107822;0.066499002;1.614678916;0.0045;12.86;D01;1.2;0.3268;0.3268;5;VG_15
VG1-2;VG1-2_81;10/15/18;4.55;G5;176;1.778107822;0.066499002;1.614678916;0.0045;11.02;D02;1.54;0.1326;0.1326;7;VG_15
VG1-2;VG1-2_81;10/15/18;4.55;G5;176;1.778107822;0.066499002;1.614678916;0.0045;15;D03;0.73;0.5872;0.5872;3;VG_15
VG1-2;VG1-2_81;10/15/18;4.55;G5;176;1.778107822;0.066499002;1.614678916;0.0045;12.86;D04;1.34;0.2487;0.2487;5;VG_15
VG1-2;VG1-2_81;10/15/18;4.55;G5;176;1.778107822;0.066499002;1.614678916;0.0045;11.02;D05;1.4;0.2114;0.2114;7;VG_15
VG1-2;VG1-2_81;10/15/18;4.55;G5;176;1.778107822;0.066499002;1.614678916;0.0045;0;A04;1.8;-0.0141;-0.0141;Control 1;VG_15
VG1-2;VG1-2_81;10/15/18;4.55;G5;176;1.778107822;0.066499002;1.614678916;0.0045;0;B01;1.72;0.0346;0.0346;Control 2;VG_15
VG1-2;VG1-2_81;10/15/18;4.55;G5;176;1.778107822;0.066499002;1.614678916;0.0045;0;B06;1.7;0.0438;0.0438;Control 3;VG_15
VG1-2;VG1-2_81;10/15/18;4.55;G5;176;1.778107822;0.066499002;1.614678916;0.0045;0;C03;1.85;-0.0427;-0.0427;Control 4;VG_15
VG1-2;VG1-2_81;10/15/18;4.55;G5;176;1.778107822;0.066499002;1.614678916;0.0045;0;D06;1.82;-0.0215;-0.0215;Control 5;VG_15
VG1-2;VG1-2_83;10/15/18;4.59;G6;168;1.676453146;0.083422494;1.416530257;0.0037;17.5;A01;NA;NA;1;1;VG_16
VG1-2;VG1-2_83;10/15/18;4.59;G6;168;1.676453146;0.083422494;1.416530257;0.0037;16.2;A02;NA;NA;1;2;VG_16
VG1-2;VG1-2_83;10/15/18;4.59;G6;168;1.676453146;0.083422494;1.416530257;0.0037;15;A03;-0.61;1.3646;1;3;VG_16
VG1-2;VG1-2_83;10/15/18;4.59;G6;168;1.676453146;0.083422494;1.416530257;0.0037;13.89;A05;-1.1;1.6574;1;4;VG_16
VG1-2;VG1-2_83;10/15/18;4.59;G6;168;1.676453146;0.083422494;1.416530257;0.0037;12.86;A06;-1.11;1.6595;1;5;VG_16
VG1-2;VG1-2_83;10/15/18;4.59;G6;168;1.676453146;0.083422494;1.416530257;0.0037;11.91;B02;0.79;0.5273;0.5273;6;VG_16
VG1-2;VG1-2_83;10/15/18;4.59;G6;168;1.676453146;0.083422494;1.416530257;0.0037;11.02;B03;0.96;0.4249;0.4249;7;VG_16
VG1-2;VG1-2_83;10/15/18;4.59;G6;168;1.676453146;0.083422494;1.416530257;0.0037;10.21;B04;1.27;0.2437;0.2437;8;VG_16
VG1-2;VG1-2_83;10/15/18;4.59;G6;168;1.676453146;0.083422494;1.416530257;0.0037;9.45;B05;1.44;0.1391;0.1391;9;VG_16
VG1-2;VG1-2_83;10/15/18;4.59;G6;168;1.676453146;0.083422494;1.416530257;0.0037;8.75;C01;1.5;0.1052;0.1052;10;VG_16
VG1-2;VG1-2_83;10/15/18;4.59;G6;168;1.676453146;0.083422494;1.416530257;0.0037;8.1;C02;1.58;0.0574;0.0574;11;VG_16
VG1-2;VG1-2_83;10/15/18;4.59;G6;168;1.676453146;0.083422494;1.416530257;0.0037;7.5;C05;1.67;0.0025;0.0025;12;VG_16
VG1-2;VG1-2_83;10/15/18;4.59;G6;168;1.676453146;0.083422494;1.416530257;0.0037;15;C06;-0.16;1.0975;1;3;VG_16
VG1-2;VG1-2_83;10/15/18;4.59;G6;168;1.676453146;0.083422494;1.416530257;0.0037;12.86;D01;NA;NA;1;5;VG_16
VG1-2;VG1-2_83;10/15/18;4.59;G6;168;1.676453146;0.083422494;1.416530257;0.0037;11.02;D02;0.96;0.4276;0.4276;7;VG_16
VG1-2;VG1-2_83;10/15/18;4.59;G6;168;1.676453146;0.083422494;1.416530257;0.0037;15;D03;NA;NA;1;3;VG_16
VG1-2;VG1-2_83;10/15/18;4.59;G6;168;1.676453146;0.083422494;1.416530257;0.0037;12.86;D04;-0.28;1.1659;1;5;VG_16
VG1-2;VG1-2_83;10/15/18;4.59;G6;168;1.676453146;0.083422494;1.416530257;0.0037;11.02;D05;0.78;0.5347;0.5347;7;VG_16
VG1-2;VG1-2_83;10/15/18;4.59;G6;168;1.676453146;0.083422494;1.416530257;0.0037;0;A04;1.7;-0.0162;-0.0162;Control 1;VG_16
VG1-2;VG1-2_83;10/15/18;4.59;G6;168;1.676453146;0.083422494;1.416530257;0.0037;0;B01;1.74;-0.0383;-0.0383;Control 2;VG_16
VG1-2;VG1-2_83;10/15/18;4.59;G6;168;1.676453146;0.083422494;1.416530257;0.0037;0;B06;1.61;0.0389;0.0389;Control 3;VG_16
VG1-2;VG1-2_83;10/15/18;4.59;G6;168;1.676453146;0.083422494;1.416530257;0.0037;0;C03;1.76;-0.0494;-0.0494;Control 4;VG_16
VG1-2;VG1-2_83;10/15/18;4.59;G6;168;1.676453146;0.083422494;1.416530257;0.0037;0;D06;1.57;0.065;0.065;Control 5;VG_16
VG1-2;VG1-2_85;10/15/18;4.63;A-6;182;1.482359057;0.157807148;1.359394988;0.0023;17.5;A01;NA;NA;1;1;VG_17
VG1-2;VG1-2_85;10/15/18;4.63;A-6;182;1.482359057;0.157807148;1.359394988;0.0023;16.2;A02;NA;NA;1;2;VG_17
VG1-2;VG1-2_85;10/15/18;4.63;A-6;182;1.482359057;0.157807148;1.359394988;0.0023;15;A03;NA;NA;1;3;VG_17
VG1-2;VG1-2_85;10/15/18;4.63;A-6;182;1.482359057;0.157807148;1.359394988;0.0023;13.89;A05;-1.06;1.7163;1;4;VG_17
VG1-2;VG1-2_85;10/15/18;4.63;A-6;182;1.482359057;0.157807148;1.359394988;0.0023;12.86;A06;-0.03;1.0173;1;5;VG_17
VG1-2;VG1-2_85;10/15/18;4.63;A-6;182;1.482359057;0.157807148;1.359394988;0.0023;11.91;B02;0.7;0.531;0.531;6;VG_17
VG1-2;VG1-2_85;10/15/18;4.63;A-6;182;1.482359057;0.157807148;1.359394988;0.0023;11.02;B03;0.85;0.4262;0.4262;7;VG_17
VG1-2;VG1-2_85;10/15/18;4.63;A-6;182;1.482359057;0.157807148;1.359394988;0.0023;10.21;B04;1.09;0.2656;0.2656;8;VG_17
VG1-2;VG1-2_85;10/15/18;4.63;A-6;182;1.482359057;0.157807148;1.359394988;0.0023;9.45;B05;1.19;0.1973;0.1973;9;VG_17
VG1-2;VG1-2_85;10/15/18;4.63;A-6;182;1.482359057;0.157807148;1.359394988;0.0023;8.75;C01;1.2;0.1879;0.1879;10;VG_17
VG1-2;VG1-2_85;10/15/18;4.63;A-6;182;1.482359057;0.157807148;1.359394988;0.0023;8.1;C02;1.35;0.088;0.088;11;VG_17
VG1-2;VG1-2_85;10/15/18;4.63;A-6;182;1.482359057;0.157807148;1.359394988;0.0023;7.5;C05;1.3;0.1223;0.1223;12;VG_17
VG1-2;VG1-2_85;10/15/18;4.63;A-6;182;1.482359057;0.157807148;1.359394988;0.0023;15;C06;NA;NA;1;3;VG_17
VG1-2;VG1-2_85;10/15/18;4.63;A-6;182;1.482359057;0.157807148;1.359394988;0.0023;12.86;D01;0.05;0.9666;0.9666;5;VG_17
VG1-2;VG1-2_85;10/15/18;4.63;A-6;182;1.482359057;0.157807148;1.359394988;0.0023;11.02;D02;0.73;0.5051;0.5051;7;VG_17
VG1-2;VG1-2_85;10/15/18;4.63;A-6;182;1.482359057;0.157807148;1.359394988;0.0023;15;D03;NA;NA;1;3;VG_17
VG1-2;VG1-2_85;10/15/18;4.63;A-6;182;1.482359057;0.157807148;1.359394988;0.0023;12.86;D04;0.16;0.8921;0.8921;5;VG_17
VG1-2;VG1-2_85;10/15/18;4.63;A-6;182;1.482359057;0.157807148;1.359394988;0.0023;11.02;D05;0.77;0.4799;0.4799;7;VG_17
VG1-2;VG1-2_85;10/15/18;4.63;A-6;182;1.482359057;0.157807148;1.359394988;0.0023;0;A04;1.58;-0.0665;-0.0665;Control 1;VG_17
VG1-2;VG1-2_85;10/15/18;4.63;A-6;182;1.482359057;0.157807148;1.359394988;0.0023;0;B01;1.55;-0.0428;-0.0428;Control 2;VG_17
VG1-2;VG1-2_85;10/15/18;4.63;A-6;182;1.482359057;0.157807148;1.359394988;0.0023;0;B06;1.42;0.0431;0.0431;Control 3;VG_17
VG1-2;VG1-2_85;10/15/18;4.63;A-6;182;1.482359057;0.157807148;1.359394988;0.0023;0;C03;1.63;-0.0992;-0.0992;Control 4;VG_17
VG1-2;VG1-2_85;10/15/18;4.63;A-6;182;1.482359057;0.157807148;1.359394988;0.0023;0;D06;1.24;0.1655;0.1655;Control 5;VG_17
VG1-2;VG1-2_86;10/15/18;4.66;A-7;171;1.522781341;0.110409113;1.419708276;0.0036;17.5;A01;NA;NA;1;1;VG_18
VG1-2;VG1-2_86;10/15/18;4.66;A-7;171;1.522781341;0.110409113;1.419708276;0.0036;16.2;A02;NA;NA;1;2;VG_18
VG1-2;VG1-2_86;10/15/18;4.66;A-7;171;1.522781341;0.110409113;1.419708276;0.0036;15;A03;NA;NA;1;3;VG_18
VG1-2;VG1-2_86;10/15/18;4.66;A-7;171;1.522781341;0.110409113;1.419708276;0.0036;13.89;A05;NA;NA;1;4;VG_18
VG1-2;VG1-2_86;10/15/18;4.66;A-7;171;1.522781341;0.110409113;1.419708276;0.0036;12.86;A06;0.16;0.8942;0.8942;5;VG_18
VG1-2;VG1-2_86;10/15/18;4.66;A-7;171;1.522781341;0.110409113;1.419708276;0.0036;11.91;B02;0.88;0.4233;0.4233;6;VG_18
VG1-2;VG1-2_86;10/15/18;4.66;A-7;171;1.522781341;0.110409113;1.419708276;0.0036;11.02;B03;0.95;0.3776;0.3776;7;VG_18
VG1-2;VG1-2_86;10/15/18;4.66;A-7;171;1.522781341;0.110409113;1.419708276;0.0036;10.21;B04;1.21;0.2069;0.2069;8;VG_18
VG1-2;VG1-2_86;10/15/18;4.66;A-7;171;1.522781341;0.110409113;1.419708276;0.0036;9.45;B05;1.48;0.0279;0.0279;9;VG_18
VG1-2;VG1-2_86;10/15/18;4.66;A-7;171;1.522781341;0.110409113;1.419708276;0.0036;8.75;C01;1.55;-0.0197;-0.0197;10;VG_18
VG1-2;VG1-2_86;10/15/18;4.66;A-7;171;1.522781341;0.110409113;1.419708276;0.0036;8.1;C02;1.55;-0.0173;-0.0173;11;VG_18
VG1-2;VG1-2_86;10/15/18;4.66;A-7;171;1.522781341;0.110409113;1.419708276;0.0036;7.5;C05;1.54;-0.0145;-0.0145;12;VG_18
VG1-2;VG1-2_86;10/15/18;4.66;A-7;171;1.522781341;0.110409113;1.419708276;0.0036;15;C06;NA;NA;1;3;VG_18
VG1-2;VG1-2_86;10/15/18;4.66;A-7;171;1.522781341;0.110409113;1.419708276;0.0036;12.86;D01;-0.03;1.0214;1;5;VG_18
VG1-2;VG1-2_86;10/15/18;4.66;A-7;171;1.522781341;0.110409113;1.419708276;0.0036;11.02;D02;0.88;0.4253;0.4253;7;VG_18
VG1-2;VG1-2_86;10/15/18;4.66;A-7;171;1.522781341;0.110409113;1.419708276;0.0036;15;D03;NA;NA;1;3;VG_18
VG1-2;VG1-2_86;10/15/18;4.66;A-7;171;1.522781341;0.110409113;1.419708276;0.0036;12.86;D04;NA;NA;1;5;VG_18
VG1-2;VG1-2_86;10/15/18;4.66;A-7;171;1.522781341;0.110409113;1.419708276;0.0036;11.02;D05;0.95;0.3729;0.3729;7;VG_18
VG1-2;VG1-2_86;10/15/18;4.66;A-7;171;1.522781341;0.110409113;1.419708276;0.0036;0;A04;1.59;-0.0435;-0.0435;Control 1;VG_18
VG1-2;VG1-2_86;10/15/18;4.66;A-7;171;1.522781341;0.110409113;1.419708276;0.0036;0;B01;1.57;-0.0293;-0.0293;Control 2;VG_18
VG1-2;VG1-2_86;10/15/18;4.66;A-7;171;1.522781341;0.110409113;1.419708276;0.0036;0;B06;1.46;0.0436;0.0436;Control 3;VG_18
VG1-2;VG1-2_86;10/15/18;4.66;A-7;171;1.522781341;0.110409113;1.419708276;0.0036;0;C03;1.64;-0.0748;-0.0748;Control 4;VG_18
VG1-2;VG1-2_86;10/15/18;4.66;A-7;171;1.522781341;0.110409113;1.419708276;0.0036;0;D06;1.36;0.1039;0.1039;Control 5;VG_18
VG1-2;VG1-2_88;10/15/18;4.78;A-8;160;1.412311432;0.238438939;1.361526475;0.0025;17.5;A01;-0.78;1.5499;1;1;VG_19
VG1-2;VG1-2_88;10/15/18;4.78;A-8;160;1.412311432;0.238438939;1.361526475;0.0025;16.2;A02;-0.69;1.4877;1;2;VG_19
VG1-2;VG1-2_88;10/15/18;4.78;A-8;160;1.412311432;0.238438939;1.361526475;0.0025;15;A03;-0.91;1.6458;1;3;VG_19
VG1-2;VG1-2_88;10/15/18;4.78;A-8;160;1.412311432;0.238438939;1.361526475;0.0025;13.89;A05;0.03;0.9777;0.9777;4;VG_19
VG1-2;VG1-2_88;10/15/18;4.78;A-8;160;1.412311432;0.238438939;1.361526475;0.0025;12.86;A06;0.21;0.8502;0.8502;5;VG_19
VG1-2;VG1-2_88;10/15/18;4.78;A-8;160;1.412311432;0.238438939;1.361526475;0.0025;11.91;B02;0.78;0.4465;0.4465;6;VG_19
VG1-2;VG1-2_88;10/15/18;4.78;A-8;160;1.412311432;0.238438939;1.361526475;0.0025;11.02;B03;0.77;0.4529;0.4529;7;VG_19
VG1-2;VG1-2_88;10/15/18;4.78;A-8;160;1.412311432;0.238438939;1.361526475;0.0025;10.21;B04;1;0.2947;0.2947;8;VG_19
VG1-2;VG1-2_88;10/15/18;4.78;A-8;160;1.412311432;0.238438939;1.361526475;0.0025;9.45;B05;1.29;0.0882;0.0882;9;VG_19
VG1-2;VG1-2_88;10/15/18;4.78;A-8;160;1.412311432;0.238438939;1.361526475;0.0025;8.75;C01;0.89;0.3677;0.3677;10;VG_19
VG1-2;VG1-2_88;10/15/18;4.78;A-8;160;1.412311432;0.238438939;1.361526475;0.0025;8.1;C02;1.24;0.1199;0.1199;11;VG_19
VG1-2;VG1-2_88;10/15/18;4.78;A-8;160;1.412311432;0.238438939;1.361526475;0.0025;7.5;C05;1.42;-0.0024;-0.0024;12;VG_19
VG1-2;VG1-2_88;10/15/18;4.78;A-8;160;1.412311432;0.238438939;1.361526475;0.0025;15;C06;-0.76;1.5407;1;3;VG_19
VG1-2;VG1-2_88;10/15/18;4.78;A-8;160;1.412311432;0.238438939;1.361526475;0.0025;12.86;D01;0.35;0.7526;0.7526;5;VG_19
VG1-2;VG1-2_88;10/15/18;4.78;A-8;160;1.412311432;0.238438939;1.361526475;0.0025;11.02;D02;0.9;0.3663;0.3663;7;VG_19
VG1-2;VG1-2_88;10/15/18;4.78;A-8;160;1.412311432;0.238438939;1.361526475;0.0025;15;D03;-0.34;1.2383;1;3;VG_19
VG1-2;VG1-2_88;10/15/18;4.78;A-8;160;1.412311432;0.238438939;1.361526475;0.0025;12.86;D04;0.56;0.6056;0.6056;5;VG_19
VG1-2;VG1-2_88;10/15/18;4.78;A-8;160;1.412311432;0.238438939;1.361526475;0.0025;11.02;D05;0.78;0.4447;0.4447;7;VG_19
VG1-2;VG1-2_88;10/15/18;4.78;A-8;160;1.412311432;0.238438939;1.361526475;0.0025;0;A04;1.51;-0.0681;-0.0681;Control 1;VG_19
VG1-2;VG1-2_88;10/15/18;4.78;A-8;160;1.412311432;0.238438939;1.361526475;0.0025;0;B01;1;0.2949;0.2949;Control 2;VG_19
VG1-2;VG1-2_88;10/15/18;4.78;A-8;160;1.412311432;0.238438939;1.361526475;0.0025;0;B06;1.6;-0.1323;-0.1323;Control 3;VG_19
VG1-2;VG1-2_88;10/15/18;4.78;A-8;160;1.412311432;0.238438939;1.361526475;0.0025;0;C03;1.46;-0.0331;-0.0331;Control 4;VG_19
VG1-2;VG1-2_88;10/15/18;4.78;A-8;160;1.412311432;0.238438939;1.361526475;0.0025;0;D06;1.5;-0.0615;-0.0615;Control 5;VG_19
VG1-2;VG1-2_89;10/15/18;4.82;A7;181;0.646412407;0.207492379;1.438100453;0.0042;17.5;A01;NA;NA;1;1;VG_20
VG1-2;VG1-2_89;10/15/18;4.82;A7;181;0.646412407;0.207492379;1.438100453;0.0042;16.2;A02;NA;NA;1;2;VG_20
VG1-2;VG1-2_89;10/15/18;4.82;A7;181;0.646412407;0.207492379;1.438100453;0.0042;15;A03;NA;NA;1;3;VG_20
VG1-2;VG1-2_89;10/15/18;4.82;A7;181;0.646412407;0.207492379;1.438100453;0.0042;13.89;A05;0.22;0.6612;0.6612;4;VG_20
VG1-2;VG1-2_89;10/15/18;4.82;A7;181;0.646412407;0.207492379;1.438100453;0.0042;12.86;A06;0.31;0.5231;0.5231;5;VG_20
VG1-2;VG1-2_89;10/15/18;4.82;A7;181;0.646412407;0.207492379;1.438100453;0.0042;11.91;B02;0.96;-0.482;-0.482;6;VG_20
VG1-2;VG1-2_89;10/15/18;4.82;A7;181;0.646412407;0.207492379;1.438100453;0.0042;11.02;B03;0.93;-0.4375;-0.4375;7;VG_20
VG1-2;VG1-2_89;10/15/18;4.82;A7;181;0.646412407;0.207492379;1.438100453;0.0042;10.21;B04;1.14;-0.766;-0.766;8;VG_20
VG1-2;VG1-2_89;10/15/18;4.82;A7;181;0.646412407;0.207492379;1.438100453;0.0042;9.45;B05;1.07;-0.649;-0.649;9;VG_20
VG1-2;VG1-2_89;10/15/18;4.82;A7;181;0.646412407;0.207492379;1.438100453;0.0042;8.75;C01;1;-0.5403;-0.5403;10;VG_20
VG1-2;VG1-2_89;10/15/18;4.82;A7;181;0.646412407;0.207492379;1.438100453;0.0042;8.1;C02;0.79;-0.2146;-0.2146;11;VG_20
VG1-2;VG1-2_89;10/15/18;4.82;A7;181;0.646412407;0.207492379;1.438100453;0.0042;7.5;C05;0.93;-0.4445;-0.4445;12;VG_20
VG1-2;VG1-2_89;10/15/18;4.82;A7;181;0.646412407;0.207492379;1.438100453;0.0042;15;C06;-0.56;1.8592;1;3;VG_20
VG1-2;VG1-2_89;10/15/18;4.82;A7;181;0.646412407;0.207492379;1.438100453;0.0042;12.86;D01;0.55;0.147;0.147;5;VG_20
VG1-2;VG1-2_89;10/15/18;4.82;A7;181;0.646412407;0.207492379;1.438100453;0.0042;11.02;D02;1.11;-0.7232;-0.7232;7;VG_20
VG1-2;VG1-2_89;10/15/18;4.82;A7;181;0.646412407;0.207492379;1.438100453;0.0042;15;D03;-0.8;2.236;1;3;VG_20
VG1-2;VG1-2_89;10/15/18;4.82;A7;181;0.646412407;0.207492379;1.438100453;0.0042;12.86;D04;0.73;-0.1284;-0.1284;5;VG_20
VG1-2;VG1-2_89;10/15/18;4.82;A7;181;0.646412407;0.207492379;1.438100453;0.0042;11.02;D05;0.9;-0.3912;-0.3912;7;VG_20
VG1-2;VG1-2_89;10/15/18;4.82;A7;181;0.646412407;0.207492379;1.438100453;0.0042;0;A04;0.83;-0.2892;-0.2892;Control 1;VG_20
VG1-2;VG1-2_89;10/15/18;4.82;A7;181;0.646412407;0.207492379;1.438100453;0.0042;0;B01;0.45;0.2981;0.2981;Control 2;VG_20
VG1-2;VG1-2_89;10/15/18;4.82;A7;181;0.646412407;0.207492379;1.438100453;0.0042;0;B06;0.6;0.071;0.071;Control 3;VG_20
VG1-2;VG1-2_89;10/15/18;4.82;A7;181;0.646412407;0.207492379;1.438100453;0.0042;0;C03;0.45;0.3002;0.3002;Control 4;VG_20
VG1-2;VG1-2_89;10/15/18;4.82;A7;181;0.646412407;0.207492379;1.438100453;0.0042;0;D06;0.89;-0.3801;-0.3801;Control 5;VG_20
VG1-2;VG1-2_90;10/15/18;4.86;A8;165;1.527196092;0.073843562;1.378735887;0.004;17.5;A01;NA;NA;1;1;VG_21
VG1-2;VG1-2_90;10/15/18;4.86;A8;165;1.527196092;0.073843562;1.378735887;0.004;16.2;A02;NA;NA;1;2;VG_21
VG1-2;VG1-2_90;10/15/18;4.86;A8;165;1.527196092;0.073843562;1.378735887;0.004;15;A03;NA;NA;1;3;VG_21
VG1-2;VG1-2_90;10/15/18;4.86;A8;165;1.527196092;0.073843562;1.378735887;0.004;13.89;A05;-0.24;1.1595;1;4;VG_21
VG1-2;VG1-2_90;10/15/18;4.86;A8;165;1.527196092;0.073843562;1.378735887;0.004;12.86;A06;0.46;0.6958;0.6958;5;VG_21
VG1-2;VG1-2_90;10/15/18;4.86;A8;165;1.527196092;0.073843562;1.378735887;0.004;11.91;B02;0.75;0.5101;0.5101;6;VG_21
VG1-2;VG1-2_90;10/15/18;4.86;A8;165;1.527196092;0.073843562;1.378735887;0.004;11.02;B03;0.96;0.3742;0.3742;7;VG_21
VG1-2;VG1-2_90;10/15/18;4.86;A8;165;1.527196092;0.073843562;1.378735887;0.004;10.21;B04;0.9;0.4081;0.4081;8;VG_21
VG1-2;VG1-2_90;10/15/18;4.86;A8;165;1.527196092;0.073843562;1.378735887;0.004;9.45;B05;1.19;0.2177;0.2177;9;VG_21
VG1-2;VG1-2_90;10/15/18;4.86;A8;165;1.527196092;0.073843562;1.378735887;0.004;8.75;C01;1.28;0.1613;0.1613;10;VG_21
VG1-2;VG1-2_90;10/15/18;4.86;A8;165;1.527196092;0.073843562;1.378735887;0.004;8.1;C02;1.29;0.1521;0.1521;11;VG_21
VG1-2;VG1-2_90;10/15/18;4.86;A8;165;1.527196092;0.073843562;1.378735887;0.004;7.5;C05;1.43;0.0615;0.0615;12;VG_21
VG1-2;VG1-2_90;10/15/18;4.86;A8;165;1.527196092;0.073843562;1.378735887;0.004;15;C06;-0.71;1.4677;1;3;VG_21
VG1-2;VG1-2_90;10/15/18;4.86;A8;165;1.527196092;0.073843562;1.378735887;0.004;12.86;D01;0.18;0.879;0.879;5;VG_21
VG1-2;VG1-2_90;10/15/18;4.86;A8;165;1.527196092;0.073843562;1.378735887;0.004;11.02;D02;0.95;0.38;0.38;7;VG_21
VG1-2;VG1-2_90;10/15/18;4.86;A8;165;1.527196092;0.073843562;1.378735887;0.004;15;D03;NA;NA;1;3;VG_21
VG1-2;VG1-2_90;10/15/18;4.86;A8;165;1.527196092;0.073843562;1.378735887;0.004;12.86;D04;0.56;0.6353;0.6353;5;VG_21
VG1-2;VG1-2_90;10/15/18;4.86;A8;165;1.527196092;0.073843562;1.378735887;0.004;11.02;D05;0.93;0.388;0.388;7;VG_21
VG1-2;VG1-2_90;10/15/18;4.86;A8;165;1.527196092;0.073843562;1.378735887;0.004;0;A04;1.41;0.0758;0.0758;Control 1;VG_21
VG1-2;VG1-2_90;10/15/18;4.86;A8;165;1.527196092;0.073843562;1.378735887;0.004;0;B01;1.52;0.002;0.002;Control 2;VG_21
VG1-2;VG1-2_90;10/15/18;4.86;A8;165;1.527196092;0.073843562;1.378735887;0.004;0;B06;1.54;-0.008;-0.008;Control 3;VG_21
VG1-2;VG1-2_90;10/15/18;4.86;A8;165;1.527196092;0.073843562;1.378735887;0.004;0;C03;1.54;-0.0116;-0.0116;Control 4;VG_21
VG1-2;VG1-2_90;10/15/18;4.86;A8;165;1.527196092;0.073843562;1.378735887;0.004;0;D06;1.62;-0.0583;-0.0583;Control 5;VG_21
VG1-2;VG1-2_93;10/15/18;4.9;B8;167;1.299947879;0.245416723;1.417369269;0.003;17.5;A01;NA;NA;1;1;VG_22
VG1-2;VG1-2_93;10/15/18;4.9;B8;167;1.299947879;0.245416723;1.417369269;0.003;16.2;A02;NA;NA;1;2;VG_22
VG1-2;VG1-2_93;10/15/18;4.9;B8;167;1.299947879;0.245416723;1.417369269;0.003;15;A03;NA;NA;1;3;VG_22
VG1-2;VG1-2_93;10/15/18;4.9;B8;167;1.299947879;0.245416723;1.417369269;0.003;13.89;A05;-0.4;1.3045;1;4;VG_22
VG1-2;VG1-2_93;10/15/18;4.9;B8;167;1.299947879;0.245416723;1.417369269;0.003;12.86;A06;0.03;0.9761;0.9761;5;VG_22
VG1-2;VG1-2_93;10/15/18;4.9;B8;167;1.299947879;0.245416723;1.417369269;0.003;11.91;B02;0.57;0.5624;0.5624;6;VG_22
VG1-2;VG1-2_93;10/15/18;4.9;B8;167;1.299947879;0.245416723;1.417369269;0.003;11.02;B03;0.7;0.4595;0.4595;7;VG_22
VG1-2;VG1-2_93;10/15/18;4.9;B8;167;1.299947879;0.245416723;1.417369269;0.003;10.21;B04;0.93;0.2826;0.2826;8;VG_22
VG1-2;VG1-2_93;10/15/18;4.9;B8;167;1.299947879;0.245416723;1.417369269;0.003;9.45;B05;1.1;0.1542;0.1542;9;VG_22
VG1-2;VG1-2_93;10/15/18;4.9;B8;167;1.299947879;0.245416723;1.417369269;0.003;8.75;C01;1.28;0.015;0.015;10;VG_22
VG1-2;VG1-2_93;10/15/18;4.9;B8;167;1.299947879;0.245416723;1.417369269;0.003;8.1;C02;1.45;-0.1187;-0.1187;11;VG_22
VG1-2;VG1-2_93;10/15/18;4.9;B8;167;1.299947879;0.245416723;1.417369269;0.003;7.5;C05;1.49;-0.1497;-0.1497;12;VG_22
VG1-2;VG1-2_93;10/15/18;4.9;B8;167;1.299947879;0.245416723;1.417369269;0.003;15;C06;-0.48;1.3689;1;3;VG_22
VG1-2;VG1-2_93;10/15/18;4.9;B8;167;1.299947879;0.245416723;1.417369269;0.003;12.86;D01;NA;NA;1;5;VG_22
VG1-2;VG1-2_93;10/15/18;4.9;B8;167;1.299947879;0.245416723;1.417369269;0.003;11.02;D02;0.84;0.3543;0.3543;7;VG_22
VG1-2;VG1-2_93;10/15/18;4.9;B8;167;1.299947879;0.245416723;1.417369269;0.003;15;D03;NA;NA;1;3;VG_22
VG1-2;VG1-2_93;10/15/18;4.9;B8;167;1.299947879;0.245416723;1.417369269;0.003;12.86;D04;-0.56;1.4311;1;5;VG_22
VG1-2;VG1-2_93;10/15/18;4.9;B8;167;1.299947879;0.245416723;1.417369269;0.003;11.02;D05;0.72;0.4439;0.4439;7;VG_22
VG1-2;VG1-2_93;10/15/18;4.9;B8;167;1.299947879;0.245416723;1.417369269;0.003;0;A04;1.36;-0.0448;-0.0448;Control 1;VG_22
VG1-2;VG1-2_93;10/15/18;4.9;B8;167;1.299947879;0.245416723;1.417369269;0.003;0;B01;0.9;0.3087;0.3087;Control 2;VG_22
VG1-2;VG1-2_93;10/15/18;4.9;B8;167;1.299947879;0.245416723;1.417369269;0.003;0;B06;1.33;-0.0266;-0.0266;Control 3;VG_22
VG1-2;VG1-2_93;10/15/18;4.9;B8;167;1.299947879;0.245416723;1.417369269;0.003;0;C03;1.57;-0.2092;-0.2092;Control 4;VG_22
VG1-2;VG1-2_93;10/15/18;4.9;B8;167;1.299947879;0.245416723;1.417369269;0.003;0;D06;1.34;-0.0281;-0.0281;Control 5;VG_22
VG1-2;VG1-2_94;10/15/18;4.94;C8;170;1.423368271;0.066849239;1.374520392;0.0027;17.5;A01;NA;NA;1;1;VG_23
VG1-2;VG1-2_94;10/15/18;4.94;C8;170;1.423368271;0.066849239;1.374520392;0.0027;16.2;A02;NA;NA;1;2;VG_23
VG1-2;VG1-2_94;10/15/18;4.94;C8;170;1.423368271;0.066849239;1.374520392;0.0027;15;A03;NA;NA;1;3;VG_23
VG1-2;VG1-2_94;10/15/18;4.94;C8;170;1.423368271;0.066849239;1.374520392;0.0027;13.89;A05;-0.18;1.1239;1;4;VG_23
VG1-2;VG1-2_94;10/15/18;4.94;C8;170;1.423368271;0.066849239;1.374520392;0.0027;12.86;A06;-0.25;1.1789;1;5;VG_23
VG1-2;VG1-2_94;10/15/18;4.94;C8;170;1.423368271;0.066849239;1.374520392;0.0027;11.91;B02;0.45;0.6823;0.6823;6;VG_23
VG1-2;VG1-2_94;10/15/18;4.94;C8;170;1.423368271;0.066849239;1.374520392;0.0027;11.02;B03;0.66;0.5392;0.5392;7;VG_23
VG1-2;VG1-2_94;10/15/18;4.94;C8;170;1.423368271;0.066849239;1.374520392;0.0027;10.21;B04;0.91;0.362;0.362;8;VG_23
VG1-2;VG1-2_94;10/15/18;4.94;C8;170;1.423368271;0.066849239;1.374520392;0.0027;9.45;B05;1.26;0.1181;0.1181;9;VG_23
VG1-2;VG1-2_94;10/15/18;4.94;C8;170;1.423368271;0.066849239;1.374520392;0.0027;8.75;C01;1.21;0.153;0.153;10;VG_23
VG1-2;VG1-2_94;10/15/18;4.94;C8;170;1.423368271;0.066849239;1.374520392;0.0027;8.1;C02;1.39;0.0249;0.0249;11;VG_23
VG1-2;VG1-2_94;10/15/18;4.94;C8;170;1.423368271;0.066849239;1.374520392;0.0027;7.5;C05;1.44;-0.0148;-0.0148;12;VG_23
VG1-2;VG1-2_94;10/15/18;4.94;C8;170;1.423368271;0.066849239;1.374520392;0.0027;15;C06;-0.24;1.171;1;3;VG_23
VG1-2;VG1-2_94;10/15/18;4.94;C8;170;1.423368271;0.066849239;1.374520392;0.0027;12.86;D01;-0.4;1.2836;1;5;VG_23
VG1-2;VG1-2_94;10/15/18;4.94;C8;170;1.423368271;0.066849239;1.374520392;0.0027;11.02;D02;0.63;0.5603;0.5603;7;VG_23
VG1-2;VG1-2_94;10/15/18;4.94;C8;170;1.423368271;0.066849239;1.374520392;0.0027;15;D03;NA;NA;1;3;VG_23
VG1-2;VG1-2_94;10/15/18;4.94;C8;170;1.423368271;0.066849239;1.374520392;0.0027;12.86;D04;-0.27;1.1904;1;5;VG_23
VG1-2;VG1-2_94;10/15/18;4.94;C8;170;1.423368271;0.066849239;1.374520392;0.0027;11.02;D05;0.78;0.4506;0.4506;7;VG_23
VG1-2;VG1-2_94;10/15/18;4.94;C8;170;1.423368271;0.066849239;1.374520392;0.0027;0;A04;1.43;-0.0078;-0.0078;Control 1;VG_23
VG1-2;VG1-2_94;10/15/18;4.94;C8;170;1.423368271;0.066849239;1.374520392;0.0027;0;B01;1.31;0.0816;0.0816;Control 2;VG_23
VG1-2;VG1-2_94;10/15/18;4.94;C8;170;1.423368271;0.066849239;1.374520392;0.0027;0;B06;1.48;-0.0368;-0.0368;Control 3;VG_23
VG1-2;VG1-2_94;10/15/18;4.94;C8;170;1.423368271;0.066849239;1.374520392;0.0027;0;C03;1.46;-0.0238;-0.0238;Control 4;VG_23
VG1-2;VG1-2_94;10/15/18;4.94;C8;170;1.423368271;0.066849239;1.374520392;0.0027;0;D06;1.44;-0.0133;-0.0133;Control 5;VG_23
VG1-2;VG1-2_95;10/15/18;4.98;D8;179;1.396335831;0.095668111;1.437469457;0.0031;17.5;A01;NA;NA;1;1;VG_24
VG1-2;VG1-2_95;10/15/18;4.98;D8;179;1.396335831;0.095668111;1.437469457;0.0031;16.2;A02;-0.61;1.4394;1;2;VG_24
VG1-2;VG1-2_95;10/15/18;4.98;D8;179;1.396335831;0.095668111;1.437469457;0.0031;15;A03;-0.36;1.2603;1;3;VG_24
VG1-2;VG1-2_95;10/15/18;4.98;D8;179;1.396335831;0.095668111;1.437469457;0.0031;13.89;A05;0.28;0.7969;1;4;VG_24
VG1-2;VG1-2_95;10/15/18;4.98;D8;179;1.396335831;0.095668111;1.437469457;0.0031;12.86;A06;0.4;0.7129;1;5;VG_24
VG1-2;VG1-2_95;10/15/18;4.98;D8;179;1.396335831;0.095668111;1.437469457;0.0031;11.91;B02;1.16;0.1714;0.1714;6;VG_24
VG1-2;VG1-2_95;10/15/18;4.98;D8;179;1.396335831;0.095668111;1.437469457;0.0031;11.02;B03;1.18;0.1563;0.1563;7;VG_24
VG1-2;VG1-2_95;10/15/18;4.98;D8;179;1.396335831;0.095668111;1.437469457;0.0031;10.21;B04;1.26;0.0988;0.0988;8;VG_24
VG1-2;VG1-2_95;10/15/18;4.98;D8;179;1.396335831;0.095668111;1.437469457;0.0031;9.45;B05;1.38;0.0118;0.0118;9;VG_24
VG1-2;VG1-2_95;10/15/18;4.98;D8;179;1.396335831;0.095668111;1.437469457;0.0031;8.75;C01;1.48;-0.0601;-0.0601;10;VG_24
VG1-2;VG1-2_95;10/15/18;4.98;D8;179;1.396335831;0.095668111;1.437469457;0.0031;8.1;C02;1.49;-0.0638;-0.0638;11;VG_24
VG1-2;VG1-2_95;10/15/18;4.98;D8;179;1.396335831;0.095668111;1.437469457;0.0031;7.5;C05;1.22;0.1239;0.1239;12;VG_24
VG1-2;VG1-2_95;10/15/18;4.98;D8;179;1.396335831;0.095668111;1.437469457;0.0031;15;C06;-0.5;1.3567;1;3;VG_24
VG1-2;VG1-2_95;10/15/18;4.98;D8;179;1.396335831;0.095668111;1.437469457;0.0031;12.86;D01;0.78;0.4444;0.4444;5;VG_24
VG1-2;VG1-2_95;10/15/18;4.98;D8;179;1.396335831;0.095668111;1.437469457;0.0031;11.02;D02;1.16;0.1705;0.1705;7;VG_24
VG1-2;VG1-2_95;10/15/18;4.98;D8;179;1.396335831;0.095668111;1.437469457;0.0031;15;D03;-0.52;1.3746;1;3;VG_24
VG1-2;VG1-2_95;10/15/18;4.98;D8;179;1.396335831;0.095668111;1.437469457;0.0031;12.86;D04;0.6;0.5692;0.5692;5;VG_24
VG1-2;VG1-2_95;10/15/18;4.98;D8;179;1.396335831;0.095668111;1.437469457;0.0031;11.02;D05;1.15;0.175;0.175;7;VG_24
VG1-2;VG1-2_95;10/15/18;4.98;D8;179;1.396335831;0.095668111;1.437469457;0.0031;0;A04;1.06;0.2405;0.2405;Control 1;VG_24
VG1-2;VG1-2_95;10/15/18;4.98;D8;179;1.396335831;0.095668111;1.437469457;0.0031;0;B01;0.86;0.3826;0.3826;Control 2;VG_24
VG1-2;VG1-2_95;10/15/18;4.98;D8;179;1.396335831;0.095668111;1.437469457;0.0031;0;B06;0.92;0.3431;0.3431;Control 3;VG_24
VG1-2;VG1-2_95;10/15/18;4.98;D8;179;1.396335831;0.095668111;1.437469457;0.0031;0;C03;1.09;0.2219;0.2219;Control 4;VG_24
VG1-2;VG1-2_95;10/15/18;4.98;D8;179;1.396335831;0.095668111;1.437469457;0.0031;0;D06;1.02;0.2725;0.2725;Control 5;VG_24
VG1-2;VG1-2_99;10/15/18;5.02;E8;172;1.588585322;0.062734709;1.396445545;0.0044;17.5;A01;NA;NA;1;1;VG_25
VG1-2;VG1-2_99;10/15/18;5.02;E8;172;1.588585322;0.062734709;1.396445545;0.0044;16.2;A02;NA;NA;1;2;VG_25
VG1-2;VG1-2_99;10/15/18;5.02;E8;172;1.588585322;0.062734709;1.396445545;0.0044;15;A03;-0.13;1.082;1;3;VG_25
VG1-2;VG1-2_99;10/15/18;5.02;E8;172;1.588585322;0.062734709;1.396445545;0.0044;13.89;A05;0.55;0.6531;0.6531;4;VG_25
VG1-2;VG1-2_99;10/15/18;5.02;E8;172;1.588585322;0.062734709;1.396445545;0.0044;12.86;A06;0.55;0.6557;0.6557;5;VG_25
VG1-2;VG1-2_99;10/15/18;5.02;E8;172;1.588585322;0.062734709;1.396445545;0.0044;11.91;B02;1;0.3679;0.3679;6;VG_25
VG1-2;VG1-2_99;10/15/18;5.02;E8;172;1.588585322;0.062734709;1.396445545;0.0044;11.02;B03;1.02;0.3564;0.3564;7;VG_25
VG1-2;VG1-2_99;10/15/18;5.02;E8;172;1.588585322;0.062734709;1.396445545;0.0044;10.21;B04;1.28;0.1968;0.1968;8;VG_25
VG1-2;VG1-2_99;10/15/18;5.02;E8;172;1.588585322;0.062734709;1.396445545;0.0044;9.45;B05;1.51;0.0478;0.0478;9;VG_25
VG1-2;VG1-2_99;10/15/18;5.02;E8;172;1.588585322;0.062734709;1.396445545;0.0044;8.75;C01;1.56;0.0181;0.0181;10;VG_25
VG1-2;VG1-2_99;10/15/18;5.02;E8;172;1.588585322;0.062734709;1.396445545;0.0044;8.1;C02;1.51;0.0511;0.0511;11;VG_25
VG1-2;VG1-2_99;10/15/18;5.02;E8;172;1.588585322;0.062734709;1.396445545;0.0044;7.5;C05;1.51;0.0492;0.0492;12;VG_25
VG1-2;VG1-2_99;10/15/18;5.02;E8;172;1.588585322;0.062734709;1.396445545;0.0044;15;C06;0.08;0.9503;0.9503;3;VG_25
VG1-2;VG1-2_99;10/15/18;5.02;E8;172;1.588585322;0.062734709;1.396445545;0.0044;12.86;D01;0.24;0.847;0.847;5;VG_25
VG1-2;VG1-2_99;10/15/18;5.02;E8;172;1.588585322;0.062734709;1.396445545;0.0044;11.02;D02;1.36;0.1452;0.1452;7;VG_25
VG1-2;VG1-2_99;10/15/18;5.02;E8;172;1.588585322;0.062734709;1.396445545;0.0044;15;D03;-0.45;1.2837;1;3;VG_25
VG1-2;VG1-2_99;10/15/18;5.02;E8;172;1.588585322;0.062734709;1.396445545;0.0044;12.86;D04;0.55;0.654;0.654;5;VG_25
VG1-2;VG1-2_99;10/15/18;5.02;E8;172;1.588585322;0.062734709;1.396445545;0.0044;11.02;D05;1.09;0.3164;0.3164;7;VG_25
VG1-2;VG1-2_99;10/15/18;5.02;E8;172;1.588585322;0.062734709;1.396445545;0.0044;0;A04;1.6;-0.0101;-0.0101;Control 1;VG_25
VG1-2;VG1-2_99;10/15/18;5.02;E8;172;1.588585322;0.062734709;1.396445545;0.0044;0;B01;1.6;-0.0099;-0.0099;Control 2;VG_25
VG1-2;VG1-2_99;10/15/18;5.02;E8;172;1.588585322;0.062734709;1.396445545;0.0044;0;B06;1.56;0.0189;0.0189;Control 3;VG_25
VG1-2;VG1-2_99;10/15/18;5.02;E8;172;1.588585322;0.062734709;1.396445545;0.0044;0;C03;1.67;-0.0528;-0.0528;Control 4;VG_25
VG1-2;VG1-2_99;10/15/18;5.02;E8;172;1.588585322;0.062734709;1.396445545;0.0044;0;D06;1.5;0.0538;0.0538;Control 5;VG_25
VG1-2;VG1-2_103;10/15/18;5.05;F6;182;1.854407372;0.07367902;1.502078035;0.0042;17.5;A01;NA;NA;1;1;VG_26
VG1-2;VG1-2_103;10/15/18;5.05;F6;182;1.854407372;0.07367902;1.502078035;0.0042;16.2;A02;NA;NA;1;2;VG_26
VG1-2;VG1-2_103;10/15/18;5.05;F6;182;1.854407372;0.07367902;1.502078035;0.0042;15;A03;-0.61;1.3285;1;3;VG_26
VG1-2;VG1-2_103;10/15/18;5.05;F6;182;1.854407372;0.07367902;1.502078035;0.0042;13.89;A05;-0.17;1.0931;1;4;VG_26
VG1-2;VG1-2_103;10/15/18;5.05;F6;182;1.854407372;0.07367902;1.502078035;0.0042;12.86;A06;0.35;0.8094;0.8094;5;VG_26
VG1-2;VG1-2_103;10/15/18;5.05;F6;182;1.854407372;0.07367902;1.502078035;0.0042;11.91;B02;1.13;0.3905;0.3905;6;VG_26
VG1-2;VG1-2_103;10/15/18;5.05;F6;182;1.854407372;0.07367902;1.502078035;0.0042;11.02;B03;1.29;0.3068;0.3068;7;VG_26
VG1-2;VG1-2_103;10/15/18;5.05;F6;182;1.854407372;0.07367902;1.502078035;0.0042;10.21;B04;1.29;0.306;0.306;8;VG_26
VG1-2;VG1-2_103;10/15/18;5.05;F6;182;1.854407372;0.07367902;1.502078035;0.0042;9.45;B05;1.65;0.1122;0.1122;9;VG_26
VG1-2;VG1-2_103;10/15/18;5.05;F6;182;1.854407372;0.07367902;1.502078035;0.0042;8.75;C01;1.62;0.1289;0.1289;10;VG_26
VG1-2;VG1-2_103;10/15/18;5.05;F6;182;1.854407372;0.07367902;1.502078035;0.0042;8.1;C02;1.89;-0.0169;-0.0169;11;VG_26
VG1-2;VG1-2_103;10/15/18;5.05;F6;182;1.854407372;0.07367902;1.502078035;0.0042;7.5;C05;1.8;0.0288;0.0288;12;VG_26
VG1-2;VG1-2_103;10/15/18;5.05;F6;182;1.854407372;0.07367902;1.502078035;0.0042;15;C06;NA;NA;1;3;VG_26
VG1-2;VG1-2_103;10/15/18;5.05;F6;182;1.854407372;0.07367902;1.502078035;0.0042;12.86;D01;0.1;0.9472;0.9472;5;VG_26
VG1-2;VG1-2_103;10/15/18;5.05;F6;182;1.854407372;0.07367902;1.502078035;0.0042;11.02;D02;0.96;0.4837;0.4837;7;VG_26
VG1-2;VG1-2_103;10/15/18;5.05;F6;182;1.854407372;0.07367902;1.502078035;0.0042;15;D03;-0.8;1.4321;1;3;VG_26
VG1-2;VG1-2_103;10/15/18;5.05;F6;182;1.854407372;0.07367902;1.502078035;0.0042;12.86;D04;-0.07;1.0354;1;5;VG_26
VG1-2;VG1-2_103;10/15/18;5.05;F6;182;1.854407372;0.07367902;1.502078035;0.0042;11.02;D05;1.12;0.3984;0.3984;7;VG_26
VG1-2;VG1-2_103;10/15/18;5.05;F6;182;1.854407372;0.07367902;1.502078035;0.0042;0;A04;1.85;0.0046;0.0046;Control 1;VG_26
VG1-2;VG1-2_103;10/15/18;5.05;F6;182;1.854407372;0.07367902;1.502078035;0.0042;0;B01;1.84;0.0101;0.0101;Control 2;VG_26
VG1-2;VG1-2_103;10/15/18;5.05;F6;182;1.854407372;0.07367902;1.502078035;0.0042;0;B06;1.9;-0.0237;-0.0237;Control 3;VG_26
VG1-2;VG1-2_103;10/15/18;5.05;F6;182;1.854407372;0.07367902;1.502078035;0.0042;0;C03;1.94;-0.0483;-0.0483;Control 4;VG_26
VG1-2;VG1-2_103;10/15/18;5.05;F6;182;1.854407372;0.07367902;1.502078035;0.0042;0;D06;1.75;0.0574;0.0574;Control 5;VG_26
VG1-2;VG1-2_104;10/15/18;5.09;F7;171;1.549823272;0.156518456;1.461623926;0.0043;17.5;A01;-0.5;1.3202;1;1;VG_27
VG1-2;VG1-2_104;10/15/18;5.09;F7;171;1.549823272;0.156518456;1.461623926;0.0043;16.2;A02;-0.54;1.3476;1;2;VG_27
VG1-2;VG1-2_104;10/15/18;5.09;F7;171;1.549823272;0.156518456;1.461623926;0.0043;15;A03;-0.25;1.1592;1;3;VG_27
VG1-2;VG1-2_104;10/15/18;5.09;F7;171;1.549823272;0.156518456;1.461623926;0.0043;13.89;A05;0.24;0.8427;0.8427;4;VG_27
VG1-2;VG1-2_104;10/15/18;5.09;F7;171;1.549823272;0.156518456;1.461623926;0.0043;12.86;A06;0.39;0.7461;0.7461;5;VG_27
VG1-2;VG1-2_104;10/15/18;5.09;F7;171;1.549823272;0.156518456;1.461623926;0.0043;11.91;B02;1.15;0.2562;0.2562;6;VG_27
VG1-2;VG1-2_104;10/15/18;5.09;F7;171;1.549823272;0.156518456;1.461623926;0.0043;11.02;B03;1.21;0.22;0.22;7;VG_27
VG1-2;VG1-2_104;10/15/18;5.09;F7;171;1.549823272;0.156518456;1.461623926;0.0043;10.21;B04;1.33;0.1403;0.1403;8;VG_27
VG1-2;VG1-2_104;10/15/18;5.09;F7;171;1.549823272;0.156518456;1.461623926;0.0043;9.45;B05;1.38;0.1096;0.1096;9;VG_27
VG1-2;VG1-2_104;10/15/18;5.09;F7;171;1.549823272;0.156518456;1.461623926;0.0043;8.75;C01;1.57;-0.012;-0.012;10;VG_27
VG1-2;VG1-2_104;10/15/18;5.09;F7;171;1.549823272;0.156518456;1.461623926;0.0043;8.1;C02;1.69;-0.0937;-0.0937;11;VG_27
VG1-2;VG1-2_104;10/15/18;5.09;F7;171;1.549823272;0.156518456;1.461623926;0.0043;7.5;C05;1.66;-0.0699;-0.0699;12;VG_27
VG1-2;VG1-2_104;10/15/18;5.09;F7;171;1.549823272;0.156518456;1.461623926;0.0043;15;C06;-0.5;1.3235;1;3;VG_27
VG1-2;VG1-2_104;10/15/18;5.09;F7;171;1.549823272;0.156518456;1.461623926;0.0043;12.86;D01;0.41;0.7328;0.7328;5;VG_27
VG1-2;VG1-2_104;10/15/18;5.09;F7;171;1.549823272;0.156518456;1.461623926;0.0043;11.02;D02;1.04;0.3299;0.3299;7;VG_27
VG1-2;VG1-2_104;10/15/18;5.09;F7;171;1.549823272;0.156518456;1.461623926;0.0043;15;D03;-0.28;1.1812;1;3;VG_27
VG1-2;VG1-2_104;10/15/18;5.09;F7;171;1.549823272;0.156518456;1.461623926;0.0043;12.86;D04;0.65;0.5779;0.5779;5;VG_27
VG1-2;VG1-2_104;10/15/18;5.09;F7;171;1.549823272;0.156518456;1.461623926;0.0043;11.02;D05;1.16;0.2506;0.2506;7;VG_27
VG1-2;VG1-2_104;10/15/18;5.09;F7;171;1.549823272;0.156518456;1.461623926;0.0043;0;A04;1.5;0.0343;0.0343;Control 1;VG_27
VG1-2;VG1-2_104;10/15/18;5.09;F7;171;1.549823272;0.156518456;1.461623926;0.0043;0;B01;1.4;0.0991;0.0991;Control 2;VG_27
VG1-2;VG1-2_104;10/15/18;5.09;F7;171;1.549823272;0.156518456;1.461623926;0.0043;0;B06;1.49;0.0386;0.0386;Control 3;VG_27
VG1-2;VG1-2_104;10/15/18;5.09;F7;171;1.549823272;0.156518456;1.461623926;0.0043;0;C03;1.81;-0.1682;-0.1682;Control 4;VG_27
VG1-2;VG1-2_104;10/15/18;5.09;F7;171;1.549823272;0.156518456;1.461623926;0.0043;0;D06;1.56;-0.0037;-0.0037;Control 5;VG_27
VG1-2;VG1-2_105;10/15/18;5.13;F8;160;1.502059744;0.222008772;1.388622765;0.0047;17.5;A01;NA;NA;1;1;VG_28
VG1-2;VG1-2_105;10/15/18;5.13;F8;160;1.502059744;0.222008772;1.388622765;0.0047;16.2;A02;-1.7;2.1294;1;2;VG_28
VG1-2;VG1-2_105;10/15/18;5.13;F8;160;1.502059744;0.222008772;1.388622765;0.0047;15;A03;-0.25;1.1655;1;3;VG_28
VG1-2;VG1-2_105;10/15/18;5.13;F8;160;1.502059744;0.222008772;1.388622765;0.0047;13.89;A05;0.22;0.8546;0.8546;4;VG_28
VG1-2;VG1-2_105;10/15/18;5.13;F8;160;1.502059744;0.222008772;1.388622765;0.0047;12.86;A06;0.61;0.5925;0.5925;5;VG_28
VG1-2;VG1-2_105;10/15/18;5.13;F8;160;1.502059744;0.222008772;1.388622765;0.0047;11.91;B02;1.43;0.0505;0.0505;6;VG_28
VG1-2;VG1-2_105;10/15/18;5.13;F8;160;1.502059744;0.222008772;1.388622765;0.0047;11.02;B03;1.33;0.1114;0.1114;7;VG_28
VG1-2;VG1-2_105;10/15/18;5.13;F8;160;1.502059744;0.222008772;1.388622765;0.0047;10.21;B04;1.47;0.0238;0.0238;8;VG_28
VG1-2;VG1-2_105;10/15/18;5.13;F8;160;1.502059744;0.222008772;1.388622765;0.0047;9.45;B05;1.53;-0.0198;-0.0198;9;VG_28
VG1-2;VG1-2_105;10/15/18;5.13;F8;160;1.502059744;0.222008772;1.388622765;0.0047;8.75;C01;1.74;-0.1588;-0.1588;10;VG_28
VG1-2;VG1-2_105;10/15/18;5.13;F8;160;1.502059744;0.222008772;1.388622765;0.0047;8.1;C02;1.69;-0.1227;-0.1227;11;VG_28
VG1-2;VG1-2_105;10/15/18;5.13;F8;160;1.502059744;0.222008772;1.388622765;0.0047;7.5;C05;1.53;-0.0191;-0.0191;12;VG_28
VG1-2;VG1-2_105;10/15/18;5.13;F8;160;1.502059744;0.222008772;1.388622765;0.0047;15;C06;0.45;0.6996;0.6996;3;VG_28
VG1-2;VG1-2_105;10/15/18;5.13;F8;160;1.502059744;0.222008772;1.388622765;0.0047;12.86;D01;0.99;0.34;0.34;5;VG_28
VG1-2;VG1-2_105;10/15/18;5.13;F8;160;1.502059744;0.222008772;1.388622765;0.0047;11.02;D02;1.46;0.03;0.03;7;VG_28
VG1-2;VG1-2_105;10/15/18;5.13;F8;160;1.502059744;0.222008772;1.388622765;0.0047;15;D03;0.65;0.5688;0.5688;3;VG_28
VG1-2;VG1-2_105;10/15/18;5.13;F8;160;1.502059744;0.222008772;1.388622765;0.0047;12.86;D04;1.09;0.2774;0.2774;5;VG_28
VG1-2;VG1-2_105;10/15/18;5.13;F8;160;1.502059744;0.222008772;1.388622765;0.0047;11.02;D05;1.31;0.1284;0.1284;7;VG_28
VG1-2;VG1-2_105;10/15/18;5.13;F8;160;1.502059744;0.222008772;1.388622765;0.0047;0;A04;1.14;0.2426;0.2426;Control 1;VG_28
VG1-2;VG1-2_105;10/15/18;5.13;F8;160;1.502059744;0.222008772;1.388622765;0.0047;0;B01;1.68;-0.1199;-0.1199;Control 2;VG_28
VG1-2;VG1-2_105;10/15/18;5.13;F8;160;1.502059744;0.222008772;1.388622765;0.0047;0;B06;1.45;0.0367;0.0367;Control 3;VG_28
VG1-2;VG1-2_105;10/15/18;5.13;F8;160;1.502059744;0.222008772;1.388622765;0.0047;0;C03;1.61;-0.0728;-0.0728;Control 4;VG_28
VG1-2;VG1-2_105;10/15/18;5.13;F8;160;1.502059744;0.222008772;1.388622765;0.0047;0;D06;1.63;-0.0866;-0.0866;Control 5;VG_28
VG1-2;VG1-2_106;10/15/18;5.17;A-1;160;1.228404623;0.293761605;1.275488203;0.003;17.5;A01;-0.62;1.506;1;1;VG_29
VG1-2;VG1-2_106;10/15/18;5.17;A-1;160;1.228404623;0.293761605;1.275488203;0.003;16.2;A02;NA;NA;1;2;VG_29
VG1-2;VG1-2_106;10/15/18;5.17;A-1;160;1.228404623;0.293761605;1.275488203;0.003;15;A03;NA;NA;1;3;VG_29
VG1-2;VG1-2_106;10/15/18;5.17;A-1;160;1.228404623;0.293761605;1.275488203;0.003;13.89;A05;-1.43;2.1642;1;4;VG_29
VG1-2;VG1-2_106;10/15/18;5.17;A-1;160;1.228404623;0.293761605;1.275488203;0.003;12.86;A06;0.18;0.8524;0.8524;5;VG_29
VG1-2;VG1-2_106;10/15/18;5.17;A-1;160;1.228404623;0.293761605;1.275488203;0.003;11.91;B02;0.72;0.4157;0.4157;6;VG_29
VG1-2;VG1-2_106;10/15/18;5.17;A-1;160;1.228404623;0.293761605;1.275488203;0.003;11.02;B03;1.01;0.1802;0.1802;7;VG_29
VG1-2;VG1-2_106;10/15/18;5.17;A-1;160;1.228404623;0.293761605;1.275488203;0.003;10.21;B04;1;0.1826;0.1826;8;VG_29
VG1-2;VG1-2_106;10/15/18;5.17;A-1;160;1.228404623;0.293761605;1.275488203;0.003;9.45;B05;1.12;0.0864;0.0864;9;VG_29
VG1-2;VG1-2_106;10/15/18;5.17;A-1;160;1.228404623;0.293761605;1.275488203;0.003;8.75;C01;1.26;-0.0293;-0.0293;10;VG_29
VG1-2;VG1-2_106;10/15/18;5.17;A-1;160;1.228404623;0.293761605;1.275488203;0.003;8.1;C02;1.36;-0.1108;-0.1108;11;VG_29
VG1-2;VG1-2_106;10/15/18;5.17;A-1;160;1.228404623;0.293761605;1.275488203;0.003;7.5;C05;1.2;0.0199;0.0199;12;VG_29
VG1-2;VG1-2_106;10/15/18;5.17;A-1;160;1.228404623;0.293761605;1.275488203;0.003;15;C06;NA;NA;1;3;VG_29
VG1-2;VG1-2_106;10/15/18;5.17;A-1;160;1.228404623;0.293761605;1.275488203;0.003;12.86;D01;-0.1;1.0803;1;5;VG_29
VG1-2;VG1-2_106;10/15/18;5.17;A-1;160;1.228404623;0.293761605;1.275488203;0.003;11.02;D02;0.75;0.3902;0.3902;7;VG_29
VG1-2;VG1-2_106;10/15/18;5.17;A-1;160;1.228404623;0.293761605;1.275488203;0.003;15;D03;NA;NA;1;3;VG_29
VG1-2;VG1-2_106;10/15/18;5.17;A-1;160;1.228404623;0.293761605;1.275488203;0.003;12.86;D04;0.43;0.6478;0.6478;5;VG_29
VG1-2;VG1-2_106;10/15/18;5.17;A-1;160;1.228404623;0.293761605;1.275488203;0.003;11.02;D05;0.82;0.3295;0.3295;7;VG_29
VG1-2;VG1-2_106;10/15/18;5.17;A-1;160;1.228404623;0.293761605;1.275488203;0.003;0;A04;1.43;-0.1632;-0.1632;Control 1;VG_29
VG1-2;VG1-2_106;10/15/18;5.17;A-1;160;1.228404623;0.293761605;1.275488203;0.003;0;B01;1.39;-0.1296;-0.1296;Control 2;VG_29
VG1-2;VG1-2_106;10/15/18;5.17;A-1;160;1.228404623;0.293761605;1.275488203;0.003;0;B06;0.89;0.2722;0.2722;Control 3;VG_29
VG1-2;VG1-2_106;10/15/18;5.17;A-1;160;1.228404623;0.293761605;1.275488203;0.003;0;C03;1.51;-0.2253;-0.2253;Control 4;VG_29
VG1-2;VG1-2_106;10/15/18;5.17;A-1;160;1.228404623;0.293761605;1.275488203;0.003;0;D06;0.93;0.246;0.246;Control 5;VG_29
VG1-2;VG1-2_107;10/15/18;5.21;C3/D3;199;1.713829539;0.097574925;1.335307782;0.0043;17.5;A01;NA;NA;1;1;VG_30
VG1-2;VG1-2_107;10/15/18;5.21;C3/D3;199;1.713829539;0.097574925;1.335307782;0.0043;16.2;A02;-0.94;1.5496;1;2;VG_30
VG1-2;VG1-2_107;10/15/18;5.21;C3/D3;199;1.713829539;0.097574925;1.335307782;0.0043;15;A03;NA;NA;1;3;VG_30
VG1-2;VG1-2_107;10/15/18;5.21;C3/D3;199;1.713829539;0.097574925;1.335307782;0.0043;13.89;A05;NA;NA;1;4;VG_30
VG1-2;VG1-2_107;10/15/18;5.21;C3/D3;199;1.713829539;0.097574925;1.335307782;0.0043;12.86;A06;0.58;0.661;0.661;5;VG_30
VG1-2;VG1-2_107;10/15/18;5.21;C3/D3;199;1.713829539;0.097574925;1.335307782;0.0043;11.91;B02;1.09;0.3667;0.3667;6;VG_30
VG1-2;VG1-2_107;10/15/18;5.21;C3/D3;199;1.713829539;0.097574925;1.335307782;0.0043;11.02;B03;1.26;0.2656;0.2656;7;VG_30
VG1-2;VG1-2_107;10/15/18;5.21;C3/D3;199;1.713829539;0.097574925;1.335307782;0.0043;10.21;B04;1.36;0.209;0.209;8;VG_30
VG1-2;VG1-2_107;10/15/18;5.21;C3/D3;199;1.713829539;0.097574925;1.335307782;0.0043;9.45;B05;1.57;0.0867;0.0867;9;VG_30
VG1-2;VG1-2_107;10/15/18;5.21;C3/D3;199;1.713829539;0.097574925;1.335307782;0.0043;8.75;C01;1.52;0.1109;0.1109;10;VG_30
VG1-2;VG1-2_107;10/15/18;5.21;C3/D3;199;1.713829539;0.097574925;1.335307782;0.0043;8.1;C02;1.65;0.0398;0.0398;11;VG_30
VG1-2;VG1-2_107;10/15/18;5.21;C3/D3;199;1.713829539;0.097574925;1.335307782;0.0043;7.5;C05;1.65;0.0354;0.0354;12;VG_30
VG1-2;VG1-2_107;10/15/18;5.21;C3/D3;199;1.713829539;0.097574925;1.335307782;0.0043;15;C06;-0.41;1.2413;1;3;VG_30
VG1-2;VG1-2_107;10/15/18;5.21;C3/D3;199;1.713829539;0.097574925;1.335307782;0.0043;12.86;D01;0.4;0.7692;0.7692;5;VG_30
VG1-2;VG1-2_107;10/15/18;5.21;C3/D3;199;1.713829539;0.097574925;1.335307782;0.0043;11.02;D02;0.88;0.4889;0.4889;7;VG_30
VG1-2;VG1-2_107;10/15/18;5.21;C3/D3;199;1.713829539;0.097574925;1.335307782;0.0043;15;D03;NA;NA;1;3;VG_30
VG1-2;VG1-2_107;10/15/18;5.21;C3/D3;199;1.713829539;0.097574925;1.335307782;0.0043;12.86;D04;0.25;0.855;0.855;5;VG_30
VG1-2;VG1-2_107;10/15/18;5.21;C3/D3;199;1.713829539;0.097574925;1.335307782;0.0043;11.02;D05;1.05;0.388;0.388;7;VG_30
VG1-2;VG1-2_107;10/15/18;5.21;C3/D3;199;1.713829539;0.097574925;1.335307782;0.0043;0;A04;1.77;-0.0355;-0.0355;Control 1;VG_30
VG1-2;VG1-2_107;10/15/18;5.21;C3/D3;199;1.713829539;0.097574925;1.335307782;0.0043;0;B01;1.55;0.0938;0.0938;Control 2;VG_30
VG1-2;VG1-2_107;10/15/18;5.21;C3/D3;199;1.713829539;0.097574925;1.335307782;0.0043;0;B06;1.72;-0.0059;-0.0059;Control 3;VG_30
VG1-2;VG1-2_107;10/15/18;5.21;C3/D3;199;1.713829539;0.097574925;1.335307782;0.0043;0;C03;1.81;-0.0537;-0.0537;Control 4;VG_30
VG1-2;VG1-2_107;10/15/18;5.21;C3/D3;199;1.713829539;0.097574925;1.335307782;0.0043;0;D06;1.71;0.0012;0.0012;Control 5;VG_30
VG1-2;RO5;10/15/18;4.7;A2;175;1.311897948;0.026422325;1.290455976;0.0045;17.5;A01;NA;NA;1;1;VG_31
VG1-2;RO5;10/15/18;4.7;A2;175;1.311897948;0.026422325;1.290455976;0.0045;16.2;A02;-2.66;3.0305;1;2;VG_31
VG1-2;RO5;10/15/18;4.7;A2;175;1.311897948;0.026422325;1.290455976;0.0045;15;A03;-0.56;1.4283;1;3;VG_31
VG1-2;RO5;10/15/18;4.7;A2;175;1.311897948;0.026422325;1.290455976;0.0045;13.89;A05;-0.21;1.1634;1;4;VG_31
VG1-2;RO5;10/15/18;4.7;A2;175;1.311897948;0.026422325;1.290455976;0.0045;12.86;A06;0.58;0.556;0.556;5;VG_31
VG1-2;RO5;10/15/18;4.7;A2;175;1.311897948;0.026422325;1.290455976;0.0045;11.91;B02;0.73;0.4406;0.4406;6;VG_31
VG1-2;RO5;10/15/18;4.7;A2;175;1.311897948;0.026422325;1.290455976;0.0045;11.02;B03;0.97;0.2596;0.2596;7;VG_31
VG1-2;RO5;10/15/18;4.7;A2;175;1.311897948;0.026422325;1.290455976;0.0045;10.21;B04;0.96;0.2683;0.2683;8;VG_31
VG1-2;RO5;10/15/18;4.7;A2;175;1.311897948;0.026422325;1.290455976;0.0045;9.45;B05;1.04;0.2064;0.2064;9;VG_31
VG1-2;RO5;10/15/18;4.7;A2;175;1.311897948;0.026422325;1.290455976;0.0045;8.75;C01;1.18;0.1004;0.1004;10;VG_31
VG1-2;RO5;10/15/18;4.7;A2;175;1.311897948;0.026422325;1.290455976;0.0045;8.1;C02;1.23;0.0629;0.0629;11;VG_31
VG1-2;RO5;10/15/18;4.7;A2;175;1.311897948;0.026422325;1.290455976;0.0045;7.5;C05;1.17;0.1093;0.1093;12;VG_31
VG1-2;RO5;10/15/18;4.7;A2;175;1.311897948;0.026422325;1.290455976;0.0045;15;C06;-0.39;1.2993;1;3;VG_31
VG1-2;RO5;10/15/18;4.7;A2;175;1.311897948;0.026422325;1.290455976;0.0045;12.86;D01;0.46;0.6457;0.6457;5;VG_31
VG1-2;RO5;10/15/18;4.7;A2;175;1.311897948;0.026422325;1.290455976;0.0045;11.02;D02;0.88;0.3301;0.3301;7;VG_31
VG1-2;RO5;10/15/18;4.7;A2;175;1.311897948;0.026422325;1.290455976;0.0045;15;D03;-0.21;1.1602;1;3;VG_31
VG1-2;RO5;10/15/18;4.7;A2;175;1.311897948;0.026422325;1.290455976;0.0045;12.86;D04;0.48;0.6369;0.6369;5;VG_31
VG1-2;RO5;10/15/18;4.7;A2;175;1.311897948;0.026422325;1.290455976;0.0045;11.02;D05;0.95;0.273;0.273;7;VG_31
VG1-2;RO5;10/15/18;4.7;A2;175;1.311897948;0.026422325;1.290455976;0.0045;0;A04;1.29;0.0129;0.0129;Control 1;VG_31
VG1-2;RO5;10/15/18;4.7;A2;175;1.311897948;0.026422325;1.290455976;0.0045;0;B01;1.28;0.0232;0.0232;Control 2;VG_31
VG1-2;RO5;10/15/18;4.7;A2;175;1.311897948;0.026422325;1.290455976;0.0045;0;B06;1.31;0.0035;0.0035;Control 3;VG_31
VG1-2;RO5;10/15/18;4.7;A2;175;1.311897948;0.026422325;1.290455976;0.0045;0;C03;1.33;-0.012;-0.012;Control 4;VG_31
VG1-2;RO5;10/15/18;4.7;A2;175;1.311897948;0.026422325;1.290455976;0.0045;0;D06;1.35;-0.0276;-0.0276;Control 5;VG_31
VG1-2;MM;10/15/18;4.74;;;1.609917469;0.070744768;1.272375583;n/a;17.5;A01;-1.28;1.792;1;1;VG_32
VG1-2;MM;10/15/18;4.74;;;;;;;16.2;A02;NA;NA;1;2;VG_32
VG1-2;MM;10/15/18;;;;;;;;15;A03;-0.55;1.3405;1;3;VG_32
VG1-2;MM;10/15/18;;;;;;;;13.89;A05;0.09;0.9429;0.9429;4;VG_32
VG1-2;MM;10/15/18;;;;;;;;12.86;A06;0.29;0.8202;0.8202;5;VG_32
VG1-2;MM;10/15/18;;;;;;;;11.91;B02;0.7;0.5646;0.5646;6;VG_32
VG1-2;MM;10/15/18;;;;;;;;11.02;B03;1.02;0.3684;0.3684;7;VG_32
VG1-2;MM;10/15/18;;;;;;;;10.21;B04;1.25;0.2212;0.2212;8;VG_32
VG1-2;MM;10/15/18;;;;;;;;9.45;B05;1.11;0.3115;0.3115;9;VG_32
VG1-2;MM;10/15/18;;;;;;;;8.75;C01;1.33;0.1769;0.1769;10;VG_32
VG1-2;MM;10/15/18;;;;;;;;8.1;C02;1.4;0.1334;0.1334;11;VG_32
VG1-2;MM;10/15/18;;;;;;;;7.5;C05;1.61;0.001;0.001;12;VG_32
VG1-2;MM;10/15/18;;;;;;;;15;C06;-0.43;1.2683;1;3;VG_32
VG1-2;MM;10/15/18;;;;;;;;12.86;D01;0.69;0.5738;0.5738;5;VG_32
VG1-2;MM;10/15/18;;;;;;;;11.02;D02;0.94;0.4152;0.4152;7;VG_32
VG1-2;MM;10/15/18;;;;;;;;15;D03;-2.26;2.4031;1;3;VG_32
VG1-2;MM;10/15/18;;;;;;;;12.86;D04;0.36;0.7763;0.7763;5;VG_32
VG1-2;MM;10/15/18;;;;;;;;11.02;D05;1.14;0.2933;0.2933;7;VG_32
VG1-2;MM;10/15/18;;;;;;;;0;A04;1.51;0.0596;0.0596;Control 1;VG_32
VG1-2;MM;10/15/18;;;;;;;;0;B01;1.61;-0.0013;-0.0013;Control 2;VG_32
VG1-2;MM;10/15/18;;;;;;;;0;B06;1.57;0.0251;0.0251;Control 3;VG_32
VG1-2;MM;10/15/18;;;;;;;;0;C03;1.67;-0.0363;-0.0363;Control 4;VG_32
VG1-2;MM;10/15/18;;;;;;;;0;D06;1.69;-0.0472;-0.0472;Control 5;VG_32